{"type":"FeatureCollection","features":[{"type":"Feature","geometry":{"type":"Polygon","coordinates":[[[72.60688141199653,23.04731790669384],[72.61305712711827,23.036774800928146],[72.62695199436533,23.036084008132885],[72.63467532450848,23.045935911879987],[72.62850221343513,23.056481248806545],[72.61460316714198,23.05717245094749],[72.60688141199653,23.04731790669384]]]},"properties":{"zone":"8742cc692ffffff","rank":1,"reasoned":true,"priority_score":0.8293,"aqi_latest":80.9,"aqi_pred_delta":15.6,"traffic_latest":50.0,"traffic_pred_delta":0.3,"ndvi_latest":0.191,"ndvi_trend_per_year":-0.0078,"ndvi_pred_delta":-0.066,"plantable_space":0.68,"plantable_source":"proxy_1_minus_ndvi","n_sites":0,"species":["Neem","Peepal","Banyan","Shisham"],"justification":"Priority score 0.829: predicted AQI change +15.6, NDVI trend -0.0078/yr with canopy at 0.19 and plantable-space 0.68. Species chosen for pollution tolerance and fit to available space."}},{"type":"Feature","geometry":{"type":"Polygon","coordinates":[[[72.64546062460492,23.004462135240015],[72.65162627497466,22.9939243918042],[72.66551166502163,22.993230821063516],[72.67323557651093,23.003074580502336],[72.66707253155563,23.01361455133227],[72.65318296867075,23.01430853545282],[72.64546062460492,23.004462135240015]]]},"properties":{"zone":"8742cea6affffff","rank":2,"reasoned":true,"priority_score":0.7743,"aqi_latest":80.9,"aqi_pred_delta":15.6,"traffic_latest":50.0,"traffic_pred_delta":0.3,"ndvi_latest":0.188,"ndvi_trend_per_year":-0.0031,"ndvi_pred_delta":-0.0623,"plantable_space":0.69,"plantable_source":"proxy_1_minus_ndvi","n_sites":0,"species":["Neem","Peepal","Banyan","Siris"],"justification":"Priority score 0.774: predicted AQI change +15.6, NDVI trend -0.0031/yr with canopy at 0.19 and plantable-space 0.69. Species chosen for pollution tolerance and fit to available space. Soil pH 7.2 (neutral), clay loam — species filtered for soil fit.","soil":{"ph":7.25,"ph_class":"neutral","texture":"clay loam","texture_simple":"clay","moisture":null,"soc":102.5}}},{"type":"Feature","geometry":{"type":"Polygon","coordinates":[[[72.67176079366442,23.07480255886106],[72.67792868664009,23.064252763475483],[72.69182812159954,23.063555939168047],[72.69956384348973,23.073408493573726],[72.69339856456355,23.083960516251587],[72.67949494866895,23.084657757356087],[72.67176079366442,23.07480255886106]]]},"properties":{"zone":"8742cc698ffffff","rank":3,"reasoned":true,"priority_score":0.7687,"aqi_latest":80.9,"aqi_pred_delta":12.1,"traffic_latest":50.0,"traffic_pred_delta":0.8,"ndvi_latest":0.261,"ndvi_trend_per_year":-0.0152,"ndvi_pred_delta":-0.1046,"plantable_space":0.57,"plantable_source":"proxy_1_minus_ndvi","n_sites":0,"species":["Neem","Peepal","Banyan","Siris"],"justification":"Priority score 0.769: predicted AQI change +12.1, NDVI trend -0.0151/yr with canopy at 0.26 and plantable-space 0.57. Species chosen for pollution tolerance and fit to available space. Soil pH 7.5 (neutral), clay loam — species filtered for soil fit.","soil":{"ph":7.5,"ph_class":"neutral","texture":"clay loam","texture_simple":"clay","moisture":null,"soc":97.5}}},{"type":"Feature","geometry":{"type":"Polygon","coordinates":[[[72.62850221343513,23.056481248806545],[72.63467532450848,23.045935911879987],[72.64857171796362,23.04524311057249],[72.6562991789963,23.055095234486593],[72.65012867530494,23.06564280128743],[72.6362281021705,23.066336014422987],[72.62850221343513,23.056481248806545]]]},"properties":{"zone":"8742cc693ffffff","rank":4,"reasoned":true,"priority_score":0.768,"aqi_latest":80.9,"aqi_pred_delta":15.6,"traffic_latest":50.0,"traffic_pred_delta":0.3,"ndvi_latest":0.177,"ndvi_trend_per_year":-0.0018,"ndvi_pred_delta":-0.0743,"plantable_space":0.7,"plantable_source":"proxy_1_minus_ndvi","n_sites":0,"species":["Neem","Peepal","Banyan","Shisham"],"justification":"Priority score 0.768: predicted AQI change +15.6, NDVI trend -0.0018/yr with canopy at 0.18 and plantable-space 0.70. Species chosen for pollution tolerance and fit to available space."}},{"type":"Feature","geometry":{"type":"Polygon","coordinates":[[[72.62695199436533,23.036084008132885],[72.63312348507885,23.025541944197155],[72.64701570134696,23.024849554408906],[72.65474060306109,23.034698817160127],[72.64857171796362,23.04524311057249],[72.63467532450848,23.045935911879987],[72.62695199436533,23.036084008132885]]]},"properties":{"zone":"8742cea6cffffff","rank":5,"reasoned":true,"priority_score":0.766,"aqi_latest":80.9,"aqi_pred_delta":15.1,"traffic_latest":50.0,"traffic_pred_delta":0.7,"ndvi_latest":0.153,"ndvi_trend_per_year":-0.0019,"ndvi_pred_delta":-0.0565,"plantable_space":0.75,"plantable_source":"proxy_1_minus_ndvi","n_sites":0,"species":["Neem","Peepal","Banyan","Shisham"],"justification":"Priority score 0.766: predicted AQI change +15.1, NDVI trend -0.0019/yr with canopy at 0.15 and plantable-space 0.75. Species chosen for pollution tolerance and fit to available space."}},{"type":"Feature","geometry":{"type":"Polygon","coordinates":[[[72.57132080909969,23.131027224007255],[72.57750986294755,23.120472241563252],[72.59142258069174,23.119783434853698],[72.59915043381461,23.12964920480804],[72.59296398616021,23.14020642297683],[72.57904707815693,23.14089563558787],[72.57132080909969,23.131027224007255]]]},"properties":{"zone":"8742cc6b5ffffff","rank":6,"reasoned":true,"priority_score":0.756,"aqi_latest":76.8,"aqi_pred_delta":11.6,"traffic_latest":50.0,"traffic_pred_delta":0.8,"ndvi_latest":0.254,"ndvi_trend_per_year":-0.0147,"ndvi_pred_delta":-0.0405,"plantable_space":0.58,"plantable_source":"proxy_1_minus_ndvi","n_sites":0,"species":["Neem","Peepal","Banyan","Siris"],"justification":"Priority score 0.756: predicted AQI change +11.6, NDVI trend -0.0146/yr with canopy at 0.25 and plantable-space 0.58. Species chosen for pollution tolerance and fit to available space. Soil pH 7.4 (neutral), clay loam — species filtered for soil fit.","soil":{"ph":7.4,"ph_class":"neutral","texture":"clay loam","texture_simple":"clay","moisture":null,"soc":92.5}}},{"type":"Feature","geometry":{"type":"Polygon","coordinates":[[[72.5481554109669,23.101428155472128],[72.5543454361121,23.090878676052032],[72.56825242643316,23.09019228739287],[72.57597357768931,23.100054975162518],[72.56978615362671,23.110606691194576],[72.55587497619392,23.11129348296555],[72.5481554109669,23.101428155472128]]]},"properties":{"zone":"8742cc6b6ffffff","rank":7,"reasoned":true,"priority_score":0.7559,"aqi_latest":76.8,"aqi_pred_delta":15.1,"traffic_latest":50.0,"traffic_pred_delta":0.8,"ndvi_latest":0.226,"ndvi_trend_per_year":-0.0054,"ndvi_pred_delta":-0.0469,"plantable_space":0.62,"plantable_source":"proxy_1_minus_ndvi","n_sites":0,"species":["Neem","Peepal","Banyan","Siris"],"justification":"Priority score 0.756: predicted AQI change +15.1, NDVI trend -0.0054/yr with canopy at 0.23 and plantable-space 0.62. Species chosen for pollution tolerance and fit to available space. Soil pH 7.4 (neutral), clay loam — species filtered for soil fit.","soil":{"ph":7.4,"ph_class":"neutral","texture":"clay loam","texture_simple":"clay","moisture":null,"soc":99.0}}},{"type":"Feature","geometry":{"type":"Polygon","coordinates":[[[72.546628426541,23.081016213242904],[72.55281682097007,23.07047000091671],[72.56671962667927,23.06978401506793],[72.57443822154079,23.079643838855386],[72.56825242643316,23.09019228739287],[72.5543454361121,23.090878676052032],[72.546628426541,23.081016213242904]]]},"properties":{"zone":"8742ceb4dffffff","rank":8,"reasoned":true,"priority_score":0.7515,"aqi_latest":76.8,"aqi_pred_delta":15.1,"traffic_latest":50.0,"traffic_pred_delta":0.3,"ndvi_latest":0.178,"ndvi_trend_per_year":-0.0015,"ndvi_pred_delta":-0.049,"plantable_space":0.7,"plantable_source":"proxy_1_minus_ndvi","n_sites":0,"species":["Neem","Peepal","Banyan","Shisham"],"justification":"Priority score 0.752: predicted AQI change +15.1, NDVI trend -0.0016/yr with canopy at 0.18 and plantable-space 0.70. Species chosen for pollution tolerance and fit to available space."}},{"type":"Feature","geometry":{"type":"Polygon","coordinates":[[[72.64857171796362,23.04524311057249],[72.65474060306109,23.034698817160127],[72.66863434127204,23.0340044193492],[72.67636337117429,23.043853901073334],[72.67019709502368,23.054400422674625],[72.6562991789963,23.055095234486593],[72.64857171796362,23.04524311057249]]]},"properties":{"zone":"8742cea6dffffff","rank":9,"reasoned":true,"priority_score":0.7455,"aqi_latest":80.9,"aqi_pred_delta":15.6,"traffic_latest":50.0,"traffic_pred_delta":0.3,"ndvi_latest":0.177,"ndvi_trend_per_year":0.0,"ndvi_pred_delta":-0.0525,"plantable_space":0.71,"plantable_source":"proxy_1_minus_ndvi","n_sites":0,"species":["Neem","Peepal","Banyan","Arjun"],"justification":"Priority score 0.745: predicted AQI change +15.6, NDVI trend +0.0000/yr with canopy at 0.18 and plantable-space 0.71. Species chosen for pollution tolerance and fit to available space. Soil pH 7.3 (neutral), clay loam — species filtered for soil fit.","soil":{"ph":7.35,"ph_class":"neutral","texture":"clay loam","texture_simple":"clay","moisture":null,"soc":116.0}}},{"type":"Feature","geometry":{"type":"Polygon","coordinates":[[[72.60533792816621,23.026923120626574],[72.61151202116515,23.016383287452236],[72.62540271185809,23.015692903695836],[72.63312348507885,23.025541944197155],[72.62695199436533,23.036084008132885],[72.61305712711827,23.036774800928146],[72.60533792816621,23.026923120626574]]]},"properties":{"zone":"8742cea61ffffff","rank":10,"reasoned":true,"priority_score":0.7436,"aqi_latest":80.9,"aqi_pred_delta":15.6,"traffic_latest":50.0,"traffic_pred_delta":0.3,"ndvi_latest":0.212,"ndvi_trend_per_year":-0.0025,"ndvi_pred_delta":-0.0896,"plantable_space":0.65,"plantable_source":"proxy_1_minus_ndvi","n_sites":0,"species":["Neem","Peepal","Banyan","Shisham"],"justification":"Priority score 0.744: predicted AQI change +15.6, NDVI trend -0.0025/yr with canopy at 0.21 and plantable-space 0.65. Species chosen for pollution tolerance and fit to available space."}},{"type":"Feature","geometry":{"type":"Polygon","coordinates":[[[72.62540271185809,23.015692903695836],[72.6315725830338,23.005154113817692],[72.64546062460492,23.004462135240015],[72.65318296867075,23.01430853545282],[72.64701570134696,23.024849554408906],[72.63312348507885,23.025541944197155],[72.62540271185809,23.015692903695836]]]},"properties":{"zone":"8742cea6effffff","rank":11,"reasoned":false,"priority_score":0.7419,"aqi_latest":80.9,"aqi_pred_delta":15.1,"traffic_latest":50.0,"traffic_pred_delta":0.7,"ndvi_latest":0.17,"ndvi_trend_per_year":-0.0002,"ndvi_pred_delta":-0.0666,"plantable_space":0.72,"plantable_source":"proxy_1_minus_ndvi","n_sites":0,"species":[],"justification":""}},{"type":"Feature","geometry":{"type":"Polygon","coordinates":[[[72.65012867530494,23.06564280128743],[72.6562991789963,23.055095234486593],[72.67019709502368,23.054400422674625],[72.67792868664009,23.064252763475483],[72.67176079366442,23.07480255886106],[72.65785869732807,23.075497784984904],[72.65012867530494,23.06564280128743]]]},"properties":{"zone":"8742cc69effffff","rank":12,"reasoned":false,"priority_score":0.7402,"aqi_latest":80.9,"aqi_pred_delta":14.3,"traffic_latest":50.0,"traffic_pred_delta":0.5,"ndvi_latest":0.174,"ndvi_trend_per_year":-0.0019,"ndvi_pred_delta":-0.058,"plantable_space":0.71,"plantable_source":"proxy_1_minus_ndvi","n_sites":0,"species":[],"justification":"","soil":{"ph":7.4,"ph_class":"neutral","texture":"clay loam","texture_simple":"clay","moisture":null,"soc":109.5}}},{"type":"Feature","geometry":{"type":"Polygon","coordinates":[[[72.6238543650672,22.995307937934662],[72.63002261752648,22.984772423177017],[72.6439064868885,22.984080855501425],[72.65162627497466,22.9939243918042],[72.64546062460492,23.004462135240015],[72.6315725830338,23.005154113817692],[72.6238543650672,22.995307937934662]]]},"properties":{"zone":"8742cea45ffffff","rank":13,"reasoned":false,"priority_score":0.7397,"aqi_latest":78.3,"aqi_pred_delta":15.3,"traffic_latest":50.0,"traffic_pred_delta":0.3,"ndvi_latest":0.154,"ndvi_trend_per_year":0.0006,"ndvi_pred_delta":-0.0449,"plantable_space":0.74,"plantable_source":"proxy_1_minus_ndvi","n_sites":0,"species":[],"justification":""}},{"type":"Feature","geometry":{"type":"Polygon","coordinates":[[[72.56671962667927,23.06978401506793],[72.57290379366158,23.059238835103848],[72.58680395563411,23.058551244277975],[72.59452413235303,23.068408428546007],[72.5883425662718,23.078955843038266],[72.57443822154079,23.079643838855386],[72.56671962667927,23.06978401506793]]]},"properties":{"zone":"8742ceb49ffffff","rank":14,"reasoned":false,"priority_score":0.7385,"aqi_latest":76.8,"aqi_pred_delta":11.7,"traffic_latest":50.0,"traffic_pred_delta":0.2,"ndvi_latest":0.221,"ndvi_trend_per_year":-0.0105,"ndvi_pred_delta":-0.0826,"plantable_space":0.63,"plantable_source":"proxy_1_minus_ndvi","n_sites":0,"species":[],"justification":"","soil":{"ph":7.4,"ph_class":"neutral","texture":"clay loam","texture_simple":"clay","moisture":null,"soc":117.0}}},{"type":"Feature","geometry":{"type":"Polygon","coordinates":[[[72.60379537673876,23.00653447247613],[72.60996784843866,22.99599791295886],[72.6238543650672,22.995307937934662],[72.6315725830338,23.005154113817692],[72.62540271185809,23.015692903695836],[72.61151202116515,23.016383287452236],[72.60379537673876,23.00653447247613]]]},"properties":{"zone":"8742cea63ffffff","rank":15,"reasoned":false,"priority_score":0.7332,"aqi_latest":80.9,"aqi_pred_delta":15.6,"traffic_latest":50.0,"traffic_pred_delta":0.3,"ndvi_latest":0.193,"ndvi_trend_per_year":-0.0002,"ndvi_pred_delta":-0.0701,"plantable_space":0.68,"plantable_source":"proxy_1_minus_ndvi","n_sites":0,"species":[],"justification":""}},{"type":"Feature","geometry":{"type":"Polygon","coordinates":[[[72.6532454155668,23.106460576559105],[72.65941915890903,23.095906466199942],[72.67332543804916,23.09521082545331],[72.68106215811738,23.105068880255917],[72.67489102903382,23.11562521998831],[72.66098056459295,23.116321275668884],[72.6532454155668,23.106460576559105]]]},"properties":{"zone":"8742cc683ffffff","rank":16,"reasoned":false,"priority_score":0.7328,"aqi_latest":80.9,"aqi_pred_delta":12.1,"traffic_latest":50.0,"traffic_pred_delta":0.8,"ndvi_latest":0.247,"ndvi_trend_per_year":-0.0112,"ndvi_pred_delta":-0.0755,"plantable_space":0.59,"plantable_source":"proxy_1_minus_ndvi","n_sites":0,"species":[],"justification":"","soil":{"ph":7.4,"ph_class":"neutral","texture":"clay loam","texture_simple":"clay","moisture":null,"soc":103.5}}},{"type":"Feature","geometry":{"type":"Polygon","coordinates":[[[72.59917330845467,22.945405379838363],[72.60534092119399,22.934878647648304],[72.6192149305458,22.934189896982215],[72.62692549274297,22.94402747081495],[72.62076047525473,22.954556432158018],[72.60688229929455,22.95524559063721],[72.59917330845467,22.945405379838363]]]},"properties":{"zone":"8742cea55ffffff","rank":17,"reasoned":false,"priority_score":0.7327,"aqi_latest":78.3,"aqi_pred_delta":15.7,"traffic_latest":50.0,"traffic_pred_delta":0.9,"ndvi_latest":0.252,"ndvi_trend_per_year":-0.0047,"ndvi_pred_delta":-0.0301,"plantable_space":0.58,"plantable_source":"proxy_1_minus_ndvi","n_sites":0,"species":[],"justification":"","soil":{"ph":7.3,"ph_class":"neutral","texture":"clay loam","texture_simple":"clay","moisture":null,"soc":105.0}}},{"type":"Feature","geometry":{"type":"Polygon","coordinates":[[[72.66863434127204,23.0340044193492],[72.67479900141605,23.023461172601074],[72.68869008198152,23.022765180949463],[72.69642067732772,23.032612019998798],[72.6902586276914,23.04315749325015],[72.67636337117429,23.043853901073334],[72.66863434127204,23.0340044193492]]]},"properties":{"zone":"8742cea69ffffff","rank":18,"reasoned":false,"priority_score":0.7321,"aqi_latest":80.9,"aqi_pred_delta":15.6,"traffic_latest":50.0,"traffic_pred_delta":0.3,"ndvi_latest":0.189,"ndvi_trend_per_year":0.0001,"ndvi_pred_delta":-0.0597,"plantable_space":0.68,"plantable_source":"proxy_1_minus_ndvi","n_sites":0,"species":[],"justification":"","soil":{"ph":7.4,"ph_class":"neutral","texture":"clay loam","texture_simple":"clay","moisture":null,"soc":123.0}}},{"type":"Feature","geometry":{"type":"Polygon","coordinates":[[[72.64701570134696,23.024849554408906],[72.65318296867075,23.01430853545282],[72.66707253155563,23.01361455133227],[72.67479900141605,23.023461172601074],[72.66863434127204,23.0340044193492],[72.65474060306109,23.034698817160127],[72.64701570134696,23.024849554408906]]]},"properties":{"zone":"8742cea68ffffff","rank":19,"reasoned":false,"priority_score":0.7279,"aqi_latest":80.9,"aqi_pred_delta":15.6,"traffic_latest":50.0,"traffic_pred_delta":0.3,"ndvi_latest":0.184,"ndvi_trend_per_year":0.0009,"ndvi_pred_delta":-0.0642,"plantable_space":0.69,"plantable_source":"proxy_1_minus_ndvi","n_sites":0,"species":[],"justification":"","soil":{"ph":7.3,"ph_class":"neutral","texture":"clay loam","texture_simple":"clay","moisture":null,"soc":99.5}}},{"type":"Feature","geometry":{"type":"Polygon","coordinates":[[[72.6439064868885,22.984080855501425],[72.65007052112324,22.973546388646046],[72.66395174081823,22.972853230974877],[72.67167309560551,22.98269412721302],[72.66551166502163,22.993230821063516],[72.65162627497466,22.9939243918042],[72.6439064868885,22.984080855501425]]]},"properties":{"zone":"8742cea41ffffff","rank":20,"reasoned":false,"priority_score":0.7245,"aqi_latest":78.3,"aqi_pred_delta":11.8,"traffic_latest":50.0,"traffic_pred_delta":0.8,"ndvi_latest":0.242,"ndvi_trend_per_year":-0.0106,"ndvi_pred_delta":-0.0786,"plantable_space":0.6,"plantable_source":"proxy_1_minus_ndvi","n_sites":0,"species":[],"justification":"","soil":{"ph":7.3,"ph_class":"neutral","texture":"clay loam","texture_simple":"clay","moisture":null,"soc":103.5}}},{"type":"Feature","geometry":{"type":"Polygon","coordinates":[[[72.60225375687176,22.98615196467767],[72.60842460809579,22.97561867987933],[72.62230695314747,22.974929113280812],[72.63002261752648,22.984772423177017],[72.6238543650672,22.995307937934662],[72.60996784843866,22.99599791295886],[72.60225375687176,22.98615196467767]]]},"properties":{"zone":"8742cea44ffffff","rank":21,"reasoned":false,"priority_score":0.7178,"aqi_latest":78.3,"aqi_pred_delta":14.9,"traffic_latest":50.0,"traffic_pred_delta":0.7,"ndvi_latest":0.151,"ndvi_trend_per_year":0.0016,"ndvi_pred_delta":-0.0473,"plantable_space":0.75,"plantable_source":"proxy_1_minus_ndvi","n_sites":0,"species":[],"justification":""}},{"type":"Feature","geometry":{"type":"Polygon","coordinates":[[[72.60997118024038,23.088125882799563],[72.61615014208134,23.07757623506341],[72.63005336991476,23.076884623269827],[72.63778181891377,23.086742249375174],[72.63160546465244,23.09729412906794],[72.61769805278237,23.097986150821278],[72.60997118024038,23.088125882799563]]]},"properties":{"zone":"8742cc695ffffff","rank":22,"reasoned":false,"priority_score":0.7164,"aqi_latest":80.9,"aqi_pred_delta":12.1,"traffic_latest":50.0,"traffic_pred_delta":0.8,"ndvi_latest":0.284,"ndvi_trend_per_year":-0.0127,"ndvi_pred_delta":-0.0803,"plantable_space":0.53,"plantable_source":"proxy_1_minus_ndvi","n_sites":0,"species":[],"justification":"","soil":{"ph":7.5,"ph_class":"neutral","texture":"clay loam","texture_simple":"clay","moisture":null,"soc":106.5}}},{"type":"Feature","geometry":{"type":"Polygon","coordinates":[[[72.63005336991476,23.076884623269827],[72.6362281021705,23.066336014422987],[72.65012867530494,23.06564280128743],[72.65785869732807,23.075497784984904],[72.65168657422197,23.086048624102602],[72.63778181891377,23.086742249375174],[72.63005336991476,23.076884623269827]]]},"properties":{"zone":"8742cc691ffffff","rank":23,"reasoned":false,"priority_score":0.7145,"aqi_latest":80.9,"aqi_pred_delta":13.9,"traffic_latest":50.0,"traffic_pred_delta":1.5,"ndvi_latest":0.193,"ndvi_trend_per_year":-0.0019,"ndvi_pred_delta":-0.0159,"plantable_space":0.68,"plantable_source":"proxy_1_minus_ndvi","n_sites":0,"species":[],"justification":"","soil":{"ph":7.4,"ph_class":"neutral","texture":"clay loam","texture_simple":"clay","moisture":null,"soc":111.5}}},{"type":"Feature","geometry":{"type":"Polygon","coordinates":[[[72.54510236538691,23.06061040417195],[72.55128912993123,23.050067460017384],[72.56518775352627,23.04938187667775],[72.57290379366158,23.059238835103848],[72.56671962667927,23.06978401506793],[72.55281682097007,23.07047000091671],[72.54510236538691,23.06061040417195]]]},"properties":{"zone":"8742ceb48ffffff","rank":24,"reasoned":false,"priority_score":0.7121,"aqi_latest":76.8,"aqi_pred_delta":14.3,"traffic_latest":50.0,"traffic_pred_delta":1.0,"ndvi_latest":0.194,"ndvi_trend_per_year":-0.0012,"ndvi_pred_delta":-0.0864,"plantable_space":0.68,"plantable_source":"proxy_1_minus_ndvi","n_sites":0,"species":[],"justification":""}},{"type":"Feature","geometry":{"type":"Polygon","coordinates":[[[72.58219369991386,22.99737426601551],[72.58836876881038,22.98683993813909],[72.60225375687176,22.98615196467767],[72.60996784843866,22.99599791295886],[72.60379537673876,23.00653447247613],[72.58990621524906,23.007222852192786],[72.58219369991386,22.99737426601551]]]},"properties":{"zone":"8742cea62ffffff","rank":25,"reasoned":false,"priority_score":0.7095,"aqi_latest":74.7,"aqi_pred_delta":13.5,"traffic_latest":50.0,"traffic_pred_delta":0.3,"ndvi_latest":0.165,"ndvi_trend_per_year":-0.0008,"ndvi_pred_delta":-0.0595,"plantable_space":0.72,"plantable_source":"proxy_1_minus_ndvi","n_sites":0,"species":[],"justification":""}},{"type":"Feature","geometry":{"type":"Polygon","coordinates":[[[72.52501011191995,23.07183835688859],[72.53120110232852,23.06129438205388],[72.54510236538691,23.06061040417195],[72.55281682097007,23.07047000091671],[72.546628426541,23.081016213242904],[72.53272297951894,23.081700591452538],[72.52501011191995,23.07183835688859]]]},"properties":{"zone":"8742ceb4cffffff","rank":26,"reasoned":false,"priority_score":0.7063,"aqi_latest":76.8,"aqi_pred_delta":12.8,"traffic_latest":50.0,"traffic_pred_delta":0.7,"ndvi_latest":0.171,"ndvi_trend_per_year":-0.002,"ndvi_pred_delta":-0.0618,"plantable_space":0.72,"plantable_source":"proxy_1_minus_ndvi","n_sites":0,"species":[],"justification":"","soil":{"ph":7.4,"ph_class":"neutral","texture":"clay loam","texture_simple":"clay","moisture":null,"soc":96.0}}},{"type":"Feature","geometry":{"type":"Polygon","coordinates":[[[72.58065880393946,22.976994220730113],[72.58683225060355,22.966463167169245],[72.60071306772386,22.965775599658553],[72.60842460809579,22.97561867987933],[72.60225375687176,22.98615196467767],[72.58836876881038,22.98683993813909],[72.58065880393946,22.976994220730113]]]},"properties":{"zone":"8742cea71ffffff","rank":27,"reasoned":false,"priority_score":0.6955,"aqi_latest":74.7,"aqi_pred_delta":13.5,"traffic_latest":50.0,"traffic_pred_delta":0.3,"ndvi_latest":0.158,"ndvi_trend_per_year":0.0004,"ndvi_pred_delta":-0.0599,"plantable_space":0.74,"plantable_source":"proxy_1_minus_ndvi","n_sites":0,"species":[],"justification":""}},{"type":"Feature","geometry":{"type":"Polygon","coordinates":[[[72.54968331950052,23.121846228397924],[72.55587497619392,23.11129348296555],[72.56978615362671,23.110606691194576],[72.57750986294755,23.120472241563252],[72.57132080909969,23.131027224007255],[72.55740544205308,23.131714419191578],[72.54968331950052,23.121846228397924]]]},"properties":{"zone":"8742cc6b4ffffff","rank":28,"reasoned":false,"priority_score":0.6792,"aqi_latest":76.8,"aqi_pred_delta":11.6,"traffic_latest":50.0,"traffic_pred_delta":0.8,"ndvi_latest":0.244,"ndvi_trend_per_year":-0.0077,"ndvi_pred_delta":-0.058,"plantable_space":0.59,"plantable_source":"proxy_1_minus_ndvi","n_sites":0,"species":[],"justification":"","soil":{"ph":7.5,"ph_class":"neutral","texture":"clay loam","texture_simple":"clay","moisture":null,"soc":100.5}}},{"type":"Feature","geometry":{"type":"Polygon","coordinates":[[[72.60842582907311,23.067718828235066],[72.61460316714198,23.05717245094749],[72.62850221343513,23.056481248806545],[72.6362281021705,23.066336014422987],[72.63005336991476,23.076884623269827],[72.61615014208134,23.07757623506341],[72.60842582907311,23.067718828235066]]]},"properties":{"zone":"8742cc690ffffff","rank":29,"reasoned":false,"priority_score":0.6766,"aqi_latest":80.9,"aqi_pred_delta":12.1,"traffic_latest":50.0,"traffic_pred_delta":0.8,"ndvi_latest":0.254,"ndvi_trend_per_year":-0.0072,"ndvi_pred_delta":-0.0747,"plantable_space":0.58,"plantable_source":"proxy_1_minus_ndvi","n_sites":0,"species":[],"justification":"","soil":{"ph":7.2,"ph_class":"neutral","texture":"clay loam","texture_simple":"clay","moisture":null,"soc":95.5}}},{"type":"Feature","geometry":{"type":"Polygon","coordinates":[[[72.49886244862853,23.001474536261785],[72.50505113399308,22.990942605495675],[72.5189383158129,22.99026182533422],[72.52664098706842,23.000112579102378],[72.52045488908637,23.010646747417937],[72.50656353143886,23.01132792453451],[72.49886244862853,23.001474536261785]]]},"properties":{"zone":"8742ceb5effffff","rank":30,"reasoned":false,"priority_score":0.6755,"aqi_latest":76.8,"aqi_pred_delta":12.8,"traffic_latest":50.0,"traffic_pred_delta":0.5,"ndvi_latest":0.206,"ndvi_trend_per_year":-0.002,"ndvi_pred_delta":-0.0447,"plantable_space":0.66,"plantable_source":"proxy_1_minus_ndvi","n_sites":0,"species":[],"justification":""}},{"type":"Feature","geometry":{"type":"Polygon","coordinates":[[[72.52349078631025,23.05143501563324],[72.52968014507763,23.040894308566624],[72.54357722666964,23.040210730713127],[72.55128912993123,23.050067460017384],[72.54510236538691,23.06061040417195],[72.53120110232852,23.06129438205388],[72.52349078631025,23.05143501563324]]]},"properties":{"zone":"8742ceb4effffff","rank":31,"reasoned":false,"priority_score":0.6713,"aqi_latest":76.8,"aqi_pred_delta":11.7,"traffic_latest":50.0,"traffic_pred_delta":0.2,"ndvi_latest":0.214,"ndvi_trend_per_year":-0.0046,"ndvi_pred_delta":-0.0907,"plantable_space":0.64,"plantable_source":"proxy_1_minus_ndvi","n_sites":0,"species":[],"justification":""}},{"type":"Feature","geometry":{"type":"Polygon","coordinates":[[[72.5852662749221,23.03815278022434],[72.59144459075877,23.02761190690312],[72.60533792816621,23.026923120626574],[72.61305712711827,23.036774800928146],[72.60688141199653,23.04731790669384],[72.5929838961797,23.048007099835104],[72.5852662749221,23.03815278022434]]]},"properties":{"zone":"8742cea65ffffff","rank":32,"reasoned":false,"priority_score":0.6711,"aqi_latest":76.8,"aqi_pred_delta":11.7,"traffic_latest":50.0,"traffic_pred_delta":0.2,"ndvi_latest":0.208,"ndvi_trend_per_year":-0.0041,"ndvi_pred_delta":-0.0856,"plantable_space":0.65,"plantable_source":"proxy_1_minus_ndvi","n_sites":0,"species":[],"justification":""}},{"type":"Feature","geometry":{"type":"Polygon","coordinates":[[[72.49735259537383,22.981092091540102],[72.50353964984475,22.97056343134084],[72.51742265832728,22.969883047837676],[72.52512278464965,22.979730927994016],[72.5189383158129,22.99026182533422],[72.50505113399308,22.990942605495675],[72.49735259537383,22.981092091540102]]]},"properties":{"zone":"8742cea2dffffff","rank":33,"reasoned":false,"priority_score":0.67,"aqi_latest":74.7,"aqi_pred_delta":10.1,"traffic_latest":50.0,"traffic_pred_delta":0.2,"ndvi_latest":0.212,"ndvi_trend_per_year":-0.0075,"ndvi_pred_delta":-0.053,"plantable_space":0.65,"plantable_source":"proxy_1_minus_ndvi","n_sites":0,"species":[],"justification":"","soil":{"ph":7.3,"ph_class":"neutral","texture":"clay loam","texture_simple":"clay","moisture":null,"soc":216.5}}},{"type":"Feature","geometry":{"type":"Polygon","coordinates":[[[72.5189383158129,22.99026182533422],[72.52512278464965,22.979730927994016],[72.53900733680446,22.979048548431784],[72.54671159308347,22.98889666719749],[72.54052971321087,22.99942980040859],[72.52664098706842,23.000112579102378],[72.5189383158129,22.99026182533422]]]},"properties":{"zone":"8742ceb5affffff","rank":34,"reasoned":false,"priority_score":0.6681,"aqi_latest":74.7,"aqi_pred_delta":10.0,"traffic_latest":50.0,"traffic_pred_delta":0.8,"ndvi_latest":0.224,"ndvi_trend_per_year":-0.0084,"ndvi_pred_delta":-0.0797,"plantable_space":0.63,"plantable_source":"proxy_1_minus_ndvi","n_sites":0,"species":[],"justification":"","soil":{"ph":7.3,"ph_class":"neutral","texture":"clay loam","texture_simple":"clay","moisture":null,"soc":130.5}}},{"type":"Feature","geometry":{"type":"Polygon","coordinates":[[[72.46319031414332,23.08510438549512],[72.46939234874256,23.074560600917934],[72.48329732861261,23.073881848845257],[72.49100445984939,23.083746487992258],[72.48480501470549,23.094292514698633],[72.47089584783775,23.09497166024649],[72.46319031414332,23.08510438549512]]]},"properties":{"zone":"8742ceb63ffffff","rank":35,"reasoned":false,"priority_score":0.6609,"aqi_latest":76.8,"aqi_pred_delta":7.8,"traffic_latest":50.0,"traffic_pred_delta":1.6,"ndvi_latest":0.3,"ndvi_trend_per_year":-0.0188,"ndvi_pred_delta":-0.0,"plantable_space":0.5,"plantable_source":"proxy_1_minus_ndvi","n_sites":0,"species":[],"justification":"","soil":{"ph":7.3,"ph_class":"neutral","texture":"clay loam","texture_simple":"clay","moisture":null,"soc":98.0}}},{"type":"Feature","geometry":{"type":"Polygon","coordinates":[[[72.55121215297885,23.14227042955086],[72.55740544205308,23.131714419191578],[72.57132080909969,23.131027224007255],[72.57904707815693,23.14089563558787],[72.57285639369293,23.151453883357338],[72.55893683452818,23.15214148225672],[72.55121215297885,23.14227042955086]]]},"properties":{"zone":"8742cc79bffffff","rank":36,"reasoned":false,"priority_score":0.6577,"aqi_latest":76.8,"aqi_pred_delta":11.6,"traffic_latest":50.0,"traffic_pred_delta":0.8,"ndvi_latest":0.267,"ndvi_trend_per_year":-0.0077,"ndvi_pred_delta":-0.0127,"plantable_space":0.55,"plantable_source":"proxy_1_minus_ndvi","n_sites":0,"species":[],"justification":"","soil":{"ph":7.5,"ph_class":"neutral","texture":"clay loam","texture_simple":"clay","moisture":null,"soc":104.0}}},{"type":"Feature","geometry":{"type":"Polygon","coordinates":[[[72.5898821076768,23.099366574050883],[72.59606530012098,23.08881589058529],[72.60997118024038,23.088125882799563],[72.61769805278237,23.097986150821278],[72.61151746634378,23.108539067928877],[72.59760740032677,23.109229483494662],[72.5898821076768,23.099366574050883]]]},"properties":{"zone":"8742cc6b3ffffff","rank":37,"reasoned":false,"priority_score":0.6554,"aqi_latest":80.9,"aqi_pred_delta":12.3,"traffic_latest":50.0,"traffic_pred_delta":1.1,"ndvi_latest":0.278,"ndvi_trend_per_year":-0.0069,"ndvi_pred_delta":-0.0652,"plantable_space":0.54,"plantable_source":"proxy_1_minus_ndvi","n_sites":0,"species":[],"justification":"","soil":{"ph":7.4,"ph_class":"neutral","texture":"clay loam","texture_simple":"clay","moisture":null,"soc":96.0}}},{"type":"Feature","geometry":{"type":"Polygon","coordinates":[[[72.64080102514144,22.943336724018586],[72.64696182956098,22.932808813489434],[72.66083471600102,22.93211648102682],[72.66855096238511,22.941951646767375],[72.66239275809461,22.9524817834905],[72.64851570626787,22.953174528402357],[72.64080102514144,22.943336724018586]]]},"properties":{"zone":"8742cea5cffffff","rank":38,"reasoned":false,"priority_score":0.6506,"aqi_latest":78.3,"aqi_pred_delta":9.9,"traffic_latest":50.0,"traffic_pred_delta":0.7,"ndvi_latest":0.28,"ndvi_trend_per_year":-0.0114,"ndvi_pred_delta":0.0219,"plantable_space":0.53,"plantable_source":"proxy_1_minus_ndvi","n_sites":0,"species":[],"justification":"","soil":{"ph":7.25,"ph_class":"neutral","texture":"clay loam","texture_simple":"clay","moisture":null,"soc":110.0}}},{"type":"Feature","geometry":{"type":"Polygon","coordinates":[[[72.65168657422197,23.086048624102602],[72.65785869732807,23.075497784984904],[72.67176079366442,23.07480255886106],[72.67949494866895,23.084657757356087],[72.67332543804916,23.09521082545331],[72.65941915890903,23.095906466199942],[72.65168657422197,23.086048624102602]]]},"properties":{"zone":"8742cc69cffffff","rank":39,"reasoned":false,"priority_score":0.6479,"aqi_latest":80.9,"aqi_pred_delta":12.2,"traffic_latest":50.0,"traffic_pred_delta":0.2,"ndvi_latest":0.239,"ndvi_trend_per_year":-0.0036,"ndvi_pred_delta":-0.0738,"plantable_space":0.6,"plantable_source":"proxy_1_minus_ndvi","n_sites":0,"species":[],"justification":""}},{"type":"Feature","geometry":{"type":"Polygon","coordinates":[[[72.56825242643316,23.09019228739287],[72.57443822154079,23.079643838855386],[72.5883425662718,23.078955843038266],[72.59606530012098,23.08881589058529],[72.5898821076768,23.099366574050883],[72.57597357768931,23.100054975162518],[72.56825242643316,23.09019228739287]]]},"properties":{"zone":"8742cc6b2ffffff","rank":40,"reasoned":false,"priority_score":0.6367,"aqi_latest":76.8,"aqi_pred_delta":11.6,"traffic_latest":50.0,"traffic_pred_delta":0.8,"ndvi_latest":0.249,"ndvi_trend_per_year":-0.0046,"ndvi_pred_delta":-0.0468,"plantable_space":0.59,"plantable_source":"proxy_1_minus_ndvi","n_sites":0,"species":[],"justification":""}},{"type":"Feature","geometry":{"type":"Polygon","coordinates":[[[72.66707253155563,23.01361455133227],[72.67323557651093,23.003074580502336],[72.68712248361318,23.00237900470981],[72.69485051819736,23.01222298401244],[72.68869008198152,23.022765180949463],[72.67479900141605,23.023461172601074],[72.66707253155563,23.01361455133227]]]},"properties":{"zone":"8742cea6bffffff","rank":41,"reasoned":false,"priority_score":0.6351,"aqi_latest":80.9,"aqi_pred_delta":12.1,"traffic_latest":50.0,"traffic_pred_delta":0.8,"ndvi_latest":0.256,"ndvi_trend_per_year":-0.004,"ndvi_pred_delta":-0.0526,"plantable_space":0.57,"plantable_source":"proxy_1_minus_ndvi","n_sites":0,"species":[],"justification":"","soil":{"ph":7.3,"ph_class":"neutral","texture":"clay loam","texture_simple":"clay","moisture":null,"soc":115.0}}},{"type":"Feature","geometry":{"type":"Polygon","coordinates":[[[72.67019709502368,23.054400422674625],[72.67636337117429,23.043853901073334],[72.6902586276914,23.04315749325015],[72.69799178547242,23.053007190668485],[72.69182812159954,23.063555939168047],[72.67792868664009,23.064252763475483],[72.67019709502368,23.054400422674625]]]},"properties":{"zone":"8742cc69affffff","rank":42,"reasoned":false,"priority_score":0.631,"aqi_latest":80.9,"aqi_pred_delta":12.1,"traffic_latest":50.0,"traffic_pred_delta":0.8,"ndvi_latest":0.271,"ndvi_trend_per_year":-0.0049,"ndvi_pred_delta":-0.0897,"plantable_space":0.55,"plantable_source":"proxy_1_minus_ndvi","n_sites":0,"species":[],"justification":"","soil":{"ph":7.45,"ph_class":"neutral","texture":"clay loam","texture_simple":"clay","moisture":null,"soc":105.0}}},{"type":"Feature","geometry":{"type":"Polygon","coordinates":[[[72.62076047525473,22.954556432158018],[72.62692549274297,22.94402747081495],[72.64080102514144,22.943336724018586],[72.64851570626787,22.953174528402357],[72.64235328734965,22.963705717620922],[72.62847358771113,22.964396874702803],[72.62076047525473,22.954556432158018]]]},"properties":{"zone":"8742cea42ffffff","rank":43,"reasoned":false,"priority_score":0.6307,"aqi_latest":78.3,"aqi_pred_delta":11.9,"traffic_latest":50.0,"traffic_pred_delta":0.2,"ndvi_latest":0.224,"ndvi_trend_per_year":-0.0016,"ndvi_pred_delta":-0.0437,"plantable_space":0.63,"plantable_source":"proxy_1_minus_ndvi","n_sites":0,"species":[],"justification":"","soil":{"ph":7.3,"ph_class":"neutral","texture":"clay loam","texture_simple":"clay","moisture":null,"soc":106.5}}},{"type":"Feature","geometry":{"type":"Polygon","coordinates":[[[72.58372952329522,23.017760453323916],[72.58990621524906,23.007222852192786],[72.60379537673876,23.00653447247613],[72.61151202116515,23.016383287452236],[72.60533792816621,23.026923120626574],[72.59144459075877,23.02761190690312],[72.58372952329522,23.017760453323916]]]},"properties":{"zone":"8742cea60ffffff","rank":44,"reasoned":false,"priority_score":0.6259,"aqi_latest":76.8,"aqi_pred_delta":10.9,"traffic_latest":50.0,"traffic_pred_delta":2.6,"ndvi_latest":0.179,"ndvi_trend_per_year":0.0001,"ndvi_pred_delta":-0.086,"plantable_space":0.7,"plantable_source":"proxy_1_minus_ndvi","n_sites":0,"species":[],"justification":""}},{"type":"Feature","geometry":{"type":"Polygon","coordinates":[[[72.45869018140219,23.023898236982777],[72.46488730280676,23.013364248820736],[72.47877973667961,23.012686675412947],[72.48647922762099,23.022542697689556],[72.48028469042364,23.033078926756957],[72.4663880770488,23.033756892759747],[72.45869018140219,23.023898236982777]]]},"properties":{"zone":"8742ceb55ffffff","rank":45,"reasoned":false,"priority_score":0.6208,"aqi_latest":76.8,"aqi_pred_delta":11.6,"traffic_latest":50.0,"traffic_pred_delta":0.8,"ndvi_latest":0.256,"ndvi_trend_per_year":-0.0039,"ndvi_pred_delta":-0.0297,"plantable_space":0.57,"plantable_source":"proxy_1_minus_ndvi","n_sites":0,"species":[],"justification":"","soil":{"ph":7.4,"ph_class":"neutral","texture":"clay loam","texture_simple":"clay","moisture":null,"soc":97.0}}},{"type":"Feature","geometry":{"type":"Polygon","coordinates":[[[72.56365680613638,23.028985874672557],[72.56983771935465,23.018447235076486],[72.58372952329522,23.017760453323916],[72.59144459075877,23.02761190690312],[72.5852662749221,23.03815278022434],[72.57137029321234,23.03883996636208],[72.56365680613638,23.028985874672557]]]},"properties":{"zone":"8742cea64ffffff","rank":46,"reasoned":false,"priority_score":0.6163,"aqi_latest":76.8,"aqi_pred_delta":11.7,"traffic_latest":50.0,"traffic_pred_delta":0.2,"ndvi_latest":0.199,"ndvi_trend_per_year":0.001,"ndvi_pred_delta":-0.0737,"plantable_space":0.67,"plantable_source":"proxy_1_minus_ndvi","n_sites":0,"species":[],"justification":""}},{"type":"Feature","geometry":{"type":"Polygon","coordinates":[[[72.62230695314747,22.974929113280812],[72.62847358771113,22.964396874702803],[72.64235328734965,22.963705717620922],[72.65007052112324,22.973546388646046],[72.6439064868885,22.984080855501425],[72.63002261752648,22.984772423177017],[72.62230695314747,22.974929113280812]]]},"properties":{"zone":"8742cea40ffffff","rank":47,"reasoned":false,"priority_score":0.6157,"aqi_latest":78.3,"aqi_pred_delta":11.9,"traffic_latest":50.0,"traffic_pred_delta":0.2,"ndvi_latest":0.208,"ndvi_trend_per_year":0.0009,"ndvi_pred_delta":-0.0483,"plantable_space":0.65,"plantable_source":"proxy_1_minus_ndvi","n_sites":0,"species":[],"justification":"","soil":{"ph":7.3,"ph_class":"neutral","texture":"clay loam","texture_simple":"clay","moisture":null,"soc":114.0}}},{"type":"Feature","geometry":{"type":"Polygon","coordinates":[[[72.52045488908637,23.010646747417937],[72.52664098706842,23.000112579102378],[72.54052971321087,22.99942980040859],[72.54823651682199,23.009280790719362],[72.54205300955529,23.01981719531256],[72.52816010693452,23.02050037343672],[72.52045488908637,23.010646747417937]]]},"properties":{"zone":"8742ceb58ffffff","rank":48,"reasoned":false,"priority_score":0.6154,"aqi_latest":76.8,"aqi_pred_delta":11.7,"traffic_latest":50.0,"traffic_pred_delta":0.2,"ndvi_latest":0.21,"ndvi_trend_per_year":0.0003,"ndvi_pred_delta":-0.0642,"plantable_space":0.65,"plantable_source":"proxy_1_minus_ndvi","n_sites":0,"species":[],"justification":""}},{"type":"Feature","geometry":{"type":"Polygon","coordinates":[[[72.63924969941789,22.922973877106728],[72.64540889015602,22.91244924631574],[72.65927761368869,22.91175732599249],[72.66699130836841,22.921589624444024],[72.66083471600102,22.93211648102682],[72.64696182956098,22.932808813489434],[72.63924969941789,22.922973877106728]]]},"properties":{"zone":"8742cea5effffff","rank":49,"reasoned":false,"priority_score":0.614,"aqi_latest":78.3,"aqi_pred_delta":6.4,"traffic_latest":50.0,"traffic_pred_delta":0.2,"ndvi_latest":0.311,"ndvi_trend_per_year":-0.02,"ndvi_pred_delta":0.0048,"plantable_space":0.48,"plantable_source":"proxy_1_minus_ndvi","n_sites":0,"species":[],"justification":"","soil":{"ph":7.3,"ph_class":"neutral","texture":"clay loam","texture_simple":"clay","moisture":null,"soc":102.5}}},{"type":"Feature","geometry":{"type":"Polygon","coordinates":[[[72.54052971321087,22.99942980040859],[72.54671159308347,22.98889666719749],[72.5605976852998,22.988212289579135],[72.56830607125116,22.998060643685708],[72.5621267836728,23.00859601149479],[72.54823651682199,23.009280790719362],[72.54052971321087,22.99942980040859]]]},"properties":{"zone":"8742ceb5bffffff","rank":50,"reasoned":false,"priority_score":0.6012,"aqi_latest":74.7,"aqi_pred_delta":10.1,"traffic_latest":50.0,"traffic_pred_delta":0.2,"ndvi_latest":0.198,"ndvi_trend_per_year":-0.0008,"ndvi_pred_delta":-0.0689,"plantable_space":0.67,"plantable_source":"proxy_1_minus_ndvi","n_sites":0,"species":[],"justification":"","soil":{"ph":7.4,"ph_class":"neutral","texture":"clay loam","texture_simple":"clay","moisture":null,"soc":118.0}}},{"type":"Feature","geometry":{"type":"Polygon","coordinates":[[[72.56978615362671,23.110606691194576],[72.57597357768931,23.100054975162518],[72.5898821076768,23.099366574050883],[72.59760740032677,23.109229483494662],[72.59142258069174,23.119783434853698],[72.57750986294755,23.120472241563252],[72.56978615362671,23.110606691194576]]]},"properties":{"zone":"8742cc6b0ffffff","rank":51,"reasoned":false,"priority_score":0.5956,"aqi_latest":76.8,"aqi_pred_delta":11.6,"traffic_latest":50.0,"traffic_pred_delta":0.8,"ndvi_latest":0.242,"ndvi_trend_per_year":-0.0008,"ndvi_pred_delta":-0.0723,"plantable_space":0.6,"plantable_source":"proxy_1_minus_ndvi","n_sites":0,"species":[],"justification":"","soil":{"ph":7.4,"ph_class":"neutral","texture":"clay loam","texture_simple":"clay","moisture":null,"soc":112.5}}},{"type":"Feature","geometry":{"type":"Polygon","coordinates":[[[72.5621267836728,23.00859601149479],[72.56830607125116,22.998060643685708],[72.58219369991386,22.99737426601551],[72.58990621524906,23.007222852192786],[72.58372952329522,23.017760453323916],[72.56983771935465,23.018447235076486],[72.5621267836728,23.00859601149479]]]},"properties":{"zone":"8742cea66ffffff","rank":52,"reasoned":false,"priority_score":0.5915,"aqi_latest":76.8,"aqi_pred_delta":11.7,"traffic_latest":50.0,"traffic_pred_delta":0.2,"ndvi_latest":0.213,"ndvi_trend_per_year":0.0019,"ndvi_pred_delta":-0.0691,"plantable_space":0.65,"plantable_source":"proxy_1_minus_ndvi","n_sites":0,"species":[],"justification":""}},{"type":"Feature","geometry":{"type":"Polygon","coordinates":[[[72.65636592895333,23.14730286052157],[72.66254291523451,23.136742210921053],[72.67645756747534,23.13604573999527],[72.68419942270413,23.145909503237633],[72.67802505423171,23.15647238299559],[72.66410621168949,23.157169269478008],[72.65636592895333,23.14730286052157]]]},"properties":{"zone":"8742cc6aaffffff","rank":53,"reasoned":false,"priority_score":0.5909,"aqi_latest":80.9,"aqi_pred_delta":7.6,"traffic_latest":50.0,"traffic_pred_delta":-0.0,"ndvi_latest":0.304,"ndvi_trend_per_year":-0.0131,"ndvi_pred_delta":0.0286,"plantable_space":0.49,"plantable_source":"proxy_1_minus_ndvi","n_sites":0,"species":[],"justification":"","soil":{"ph":7.5,"ph_class":"neutral","texture":"clay loam","texture_simple":"clay","moisture":null,"soc":99.5}}},{"type":"Feature","geometry":{"type":"Polygon","coordinates":[[[72.5605976852998,22.988212289579135],[72.56677534806546,22.97768019462063],[72.58065880393946,22.976994220730113],[72.58836876881038,22.98683993813909],[72.58219369991386,22.99737426601551],[72.56830607125116,22.998060643685708],[72.5605976852998,22.988212289579135]]]},"properties":{"zone":"8742cea75ffffff","rank":54,"reasoned":false,"priority_score":0.5865,"aqi_latest":74.7,"aqi_pred_delta":10.1,"traffic_latest":50.0,"traffic_pred_delta":0.2,"ndvi_latest":0.191,"ndvi_trend_per_year":0.0008,"ndvi_pred_delta":-0.0591,"plantable_space":0.68,"plantable_source":"proxy_1_minus_ndvi","n_sites":0,"species":[],"justification":"","soil":{"ph":7.3,"ph_class":"neutral","texture":"clay loam","texture_simple":"clay","moisture":null,"soc":111.0}}},{"type":"Feature","geometry":{"type":"Polygon","coordinates":[[[72.57912483453441,22.956620319891005],[72.5852966597904,22.94609254170269],[72.59917330845467,22.945405379838363],[72.60688229929455,22.95524559063721],[72.60071306772386,22.965775599658553],[72.58683225060355,22.966463167169245],[72.57912483453441,22.956620319891005]]]},"properties":{"zone":"8742cea73ffffff","rank":55,"reasoned":false,"priority_score":0.5865,"aqi_latest":74.7,"aqi_pred_delta":10.1,"traffic_latest":50.0,"traffic_pred_delta":0.2,"ndvi_latest":0.203,"ndvi_trend_per_year":-0.0001,"ndvi_pred_delta":-0.0278,"plantable_space":0.66,"plantable_source":"proxy_1_minus_ndvi","n_sites":0,"species":[],"justification":"","soil":{"ph":7.3,"ph_class":"neutral","texture":"clay loam","texture_simple":"clay","moisture":null,"soc":117.5}}},{"type":"Feature","geometry":{"type":"Polygon","coordinates":[[[72.54205300955529,23.01981719531256],[72.54823651682199,23.009280790719362],[72.5621267836728,23.00859601149479],[72.56983771935465,23.018447235076486],[72.56365680613638,23.028985874672557],[72.54976236216005,23.029671055804183],[72.54205300955529,23.01981719531256]]]},"properties":{"zone":"8742ceb59ffffff","rank":56,"reasoned":false,"priority_score":0.5856,"aqi_latest":76.8,"aqi_pred_delta":11.6,"traffic_latest":50.0,"traffic_pred_delta":0.8,"ndvi_latest":0.235,"ndvi_trend_per_year":0.0005,"ndvi_pred_delta":-0.0873,"plantable_space":0.61,"plantable_source":"proxy_1_minus_ndvi","n_sites":0,"species":[],"justification":""}},{"type":"Feature","geometry":{"type":"Polygon","coordinates":[[[72.5590695101826,22.96783471135251],[72.56524554896227,22.957305890304358],[72.57912483453441,22.956620319891005],[72.58683225060355,22.966463167169245],[72.58065880393946,22.976994220730113],[72.56677534806546,22.97768019462063],[72.5590695101826,22.96783471135251]]]},"properties":{"zone":"8742cea70ffffff","rank":57,"reasoned":false,"priority_score":0.5848,"aqi_latest":74.7,"aqi_pred_delta":10.0,"traffic_latest":50.0,"traffic_pred_delta":0.8,"ndvi_latest":0.224,"ndvi_trend_per_year":-0.0017,"ndvi_pred_delta":-0.0289,"plantable_space":0.63,"plantable_source":"proxy_1_minus_ndvi","n_sites":0,"species":[],"justification":"","soil":{"ph":7.2,"ph_class":"neutral","texture":"clay loam","texture_simple":"clay","moisture":null,"soc":112.5}}},{"type":"Feature","geometry":{"type":"Polygon","coordinates":[[[72.52197237897576,23.031037811662358],[72.52816010693452,23.02050037343672],[72.54205300955529,23.01981719531256],[72.54976236216005,23.029671055804183],[72.54357722666964,23.040210730713127],[72.52968014507763,23.040894308566624],[72.52197237897576,23.031037811662358]]]},"properties":{"zone":"8742ceb5dffffff","rank":58,"reasoned":false,"priority_score":0.5833,"aqi_latest":76.8,"aqi_pred_delta":11.6,"traffic_latest":50.0,"traffic_pred_delta":0.8,"ndvi_latest":0.266,"ndvi_trend_per_year":-0.0017,"ndvi_pred_delta":-0.1065,"plantable_space":0.56,"plantable_source":"proxy_1_minus_ndvi","n_sites":0,"species":[],"justification":""}},{"type":"Feature","geometry":{"type":"Polygon","coordinates":[[[72.50339748648105,23.062658723617048],[72.50959106952745,23.05211698755107],[72.52349078631025,23.05143501563324],[72.53120110232852,23.06129438205388],[72.52501011191995,23.07183835688859],[72.51110621182508,23.072520726652876],[72.50339748648105,23.062658723617048]]]},"properties":{"zone":"8742ceb41ffffff","rank":59,"reasoned":false,"priority_score":0.5738,"aqi_latest":76.8,"aqi_pred_delta":11.6,"traffic_latest":50.0,"traffic_pred_delta":0.8,"ndvi_latest":0.255,"ndvi_trend_per_year":0.0,"ndvi_pred_delta":-0.0622,"plantable_space":0.58,"plantable_source":"proxy_1_minus_ndvi","n_sites":0,"species":[],"justification":"","soil":{"ph":7.5,"ph_class":"neutral","texture":"clay loam","texture_simple":"clay","moisture":null,"soc":101.5}}},{"type":"Feature","geometry":{"type":"Polygon","coordinates":[[[72.52805152129041,23.1126634414458],[72.53424577748156,23.102112934308863],[72.5481554109669,23.101428155472128],[72.55587497619392,23.11129348296555],[72.54968331950052,23.121846228397924],[72.53576949705015,23.12253140816133],[72.52805152129041,23.1126634414458]]]},"properties":{"zone":"8742ceb69ffffff","rank":60,"reasoned":false,"priority_score":0.5708,"aqi_latest":76.8,"aqi_pred_delta":9.6,"traffic_latest":50.0,"traffic_pred_delta":0.7,"ndvi_latest":0.274,"ndvi_trend_per_year":-0.005,"ndvi_pred_delta":-0.0511,"plantable_space":0.54,"plantable_source":"proxy_1_minus_ndvi","n_sites":0,"species":[],"justification":"","soil":{"ph":7.4,"ph_class":"neutral","texture":"clay loam","texture_simple":"clay","moisture":null,"soc":100.5}}},{"type":"Feature","geometry":{"type":"Polygon","coordinates":[[[72.47727569207227,22.992300567116654],[72.48346696148656,22.981770875168895],[72.49735259537383,22.981092091540102],[72.50505113399308,22.990942605495675],[72.49886244862853,23.001474536261785],[72.48497263956772,23.002153714371868],[72.47727569207227,22.992300567116654]]]},"properties":{"zone":"8742ceb53ffffff","rank":61,"reasoned":false,"priority_score":0.5643,"aqi_latest":74.7,"aqi_pred_delta":6.0,"traffic_latest":50.0,"traffic_pred_delta":1.2,"ndvi_latest":0.271,"ndvi_trend_per_year":-0.0114,"ndvi_pred_delta":-0.0202,"plantable_space":0.55,"plantable_source":"proxy_1_minus_ndvi","n_sites":0,"species":[],"justification":"","soil":{"ph":7.3,"ph_class":"neutral","texture":"clay loam","texture_simple":"clay","moisture":null,"soc":105.0}}},{"type":"Feature","geometry":{"type":"Polygon","coordinates":[[[72.6192149305458,22.934189896982215],[72.62537833177824,22.923664213925655],[72.63924969941789,22.922973877106728],[72.64696182956098,22.932808813489434],[72.64080102514144,22.943336724018586],[72.62692549274297,22.94402747081495],[72.6192149305458,22.934189896982215]]]},"properties":{"zone":"8742cea51ffffff","rank":62,"reasoned":false,"priority_score":0.5638,"aqi_latest":78.3,"aqi_pred_delta":6.5,"traffic_latest":50.0,"traffic_pred_delta":-0.1,"ndvi_latest":0.294,"ndvi_trend_per_year":-0.0122,"ndvi_pred_delta":-0.0085,"plantable_space":0.51,"plantable_source":"proxy_1_minus_ndvi","n_sites":0,"species":[],"justification":"","soil":{"ph":7.3,"ph_class":"neutral","texture":"clay loam","texture_simple":"clay","moisture":null,"soc":109.0}}},{"type":"Feature","geometry":{"type":"Polygon","coordinates":[[[72.66551166502163,22.993230821063516],[72.67167309560551,22.98269412721302],[72.68555583173077,22.98199896696723],[72.69328130722407,22.991840085149384],[72.68712248361318,23.00237900470981],[72.67323557651093,23.003074580502336],[72.66551166502163,22.993230821063516]]]},"properties":{"zone":"8742cea4cffffff","rank":63,"reasoned":false,"priority_score":0.5636,"aqi_latest":78.3,"aqi_pred_delta":4.8,"traffic_latest":50.0,"traffic_pred_delta":-1.0,"ndvi_latest":0.291,"ndvi_trend_per_year":-0.0154,"ndvi_pred_delta":-0.1013,"plantable_space":0.51,"plantable_source":"proxy_1_minus_ndvi","n_sites":0,"species":[],"justification":"","soil":{"ph":7.3,"ph_class":"neutral","texture":"clay loam","texture_simple":"clay","moisture":null,"soc":103.0}}},{"type":"Feature","geometry":{"type":"Polygon","coordinates":[[[72.67332543804916,23.09521082545331],[72.67949494866895,23.084657757356087],[72.69339856456355,23.083960516251587],[72.70113685223896,23.093815926258973],[72.69496995744221,23.104371222041415],[72.68106215811738,23.105068880255917],[72.67332543804916,23.09521082545331]]]},"properties":{"zone":"8742cc69dffffff","rank":64,"reasoned":false,"priority_score":0.5618,"aqi_latest":80.9,"aqi_pred_delta":3.8,"traffic_latest":50.0,"traffic_pred_delta":0.6,"ndvi_latest":0.299,"ndvi_trend_per_year":-0.0181,"ndvi_pred_delta":-0.0984,"plantable_space":0.5,"plantable_source":"proxy_1_minus_ndvi","n_sites":0,"species":[],"justification":"","soil":{"ph":7.35,"ph_class":"neutral","texture":"clay loam","texture_simple":"clay","moisture":null,"soc":110.5}}},{"type":"Feature","geometry":{"type":"Polygon","coordinates":[[[72.63160546465244,23.09729412906794],[72.63778181891377,23.086742249375174],[72.65168657422197,23.086048624102602],[72.65941915890903,23.095906466199942],[72.6532454155668,23.106460576559105],[72.63933647558814,23.107154614277817],[72.63160546465244,23.09729412906794]]]},"properties":{"zone":"8742cc682ffffff","rank":65,"reasoned":false,"priority_score":0.5564,"aqi_latest":80.9,"aqi_pred_delta":3.9,"traffic_latest":50.0,"traffic_pred_delta":-0.5,"ndvi_latest":0.309,"ndvi_trend_per_year":-0.0342,"ndvi_pred_delta":-0.1572,"plantable_space":0.49,"plantable_source":"proxy_1_minus_ndvi","n_sites":0,"species":[],"justification":"","soil":{"ph":7.3,"ph_class":"neutral","texture":"clay loam","texture_simple":"clay","moisture":null,"soc":122.5}}},{"type":"Feature","geometry":{"type":"Polygon","coordinates":[[[72.5003732143476,23.021863124803208],[72.50656353143886,23.01132792453451],[72.52045488908637,23.010646747417937],[72.52816010693452,23.02050037343672],[72.52197237897576,23.031037811662358],[72.508076843008,23.03171938603101],[72.5003732143476,23.021863124803208]]]},"properties":{"zone":"8742ceb5cffffff","rank":66,"reasoned":false,"priority_score":0.5506,"aqi_latest":76.8,"aqi_pred_delta":11.6,"traffic_latest":50.0,"traffic_pred_delta":0.8,"ndvi_latest":0.268,"ndvi_trend_per_year":0.0009,"ndvi_pred_delta":-0.0937,"plantable_space":0.55,"plantable_source":"proxy_1_minus_ndvi","n_sites":0,"species":[],"justification":"","soil":{"ph":7.4,"ph_class":"neutral","texture":"clay loam","texture_simple":"clay","moisture":null,"soc":94.5}}},{"type":"Feature","geometry":{"type":"Polygon","coordinates":[[[72.54357722666964,23.040210730713127],[72.54976236216005,23.029671055804183],[72.56365680613638,23.028985874672557],[72.57137029321234,23.03883996636208],[72.56518775352627,23.04938187667775],[72.55128912993123,23.050067460017384],[72.54357722666964,23.040210730713127]]]},"properties":{"zone":"8742ceb4affffff","rank":67,"reasoned":false,"priority_score":0.5464,"aqi_latest":76.8,"aqi_pred_delta":11.6,"traffic_latest":50.0,"traffic_pred_delta":0.8,"ndvi_latest":0.253,"ndvi_trend_per_year":0.0023,"ndvi_pred_delta":-0.1029,"plantable_space":0.58,"plantable_source":"proxy_1_minus_ndvi","n_sites":0,"species":[],"justification":"","soil":{"ph":7.3,"ph_class":"neutral","texture":"clay loam","texture_simple":"clay","moisture":null,"soc":113.5}}},{"type":"Feature","geometry":{"type":"Polygon","coordinates":[[[72.43859378423993,23.035109215162898],[72.44479512515103,23.024574203037048],[72.45869018140219,23.023898236982777],[72.4663880770488,23.033756892759747],[72.4601893187513,23.04429414746833],[72.44629008116391,23.04497050393391],[72.43859378423993,23.035109215162898]]]},"properties":{"zone":"8742ceb73ffffff","rank":68,"reasoned":false,"priority_score":0.5439,"aqi_latest":76.8,"aqi_pred_delta":11.6,"traffic_latest":50.0,"traffic_pred_delta":0.8,"ndvi_latest":0.268,"ndvi_trend_per_year":0.0013,"ndvi_pred_delta":0.0063,"plantable_space":0.55,"plantable_source":"proxy_1_minus_ndvi","n_sites":0,"species":[],"justification":"","soil":{"ph":7.2,"ph_class":"neutral","texture":"clay loam","texture_simple":"clay","moisture":null,"soc":102.0}}},{"type":"Feature","geometry":{"type":"Polygon","coordinates":[[[72.52653035663596,23.09224783297863],[72.53272297951894,23.081700591452538],[72.546628426541,23.081016213242904],[72.5543454361121,23.090878676052032],[72.5481554109669,23.101428155472128],[72.53424577748156,23.102112934308863],[72.52653035663596,23.09224783297863]]]},"properties":{"zone":"8742ceb6bffffff","rank":69,"reasoned":false,"priority_score":0.5432,"aqi_latest":76.8,"aqi_pred_delta":7.6,"traffic_latest":50.0,"traffic_pred_delta":0.5,"ndvi_latest":0.233,"ndvi_trend_per_year":-0.0037,"ndvi_pred_delta":-0.0673,"plantable_space":0.61,"plantable_source":"proxy_1_minus_ndvi","n_sites":0,"species":[],"justification":"","soil":{"ph":7.4,"ph_class":"neutral","texture":"clay loam","texture_simple":"clay","moisture":null,"soc":140.5}}},{"type":"Feature","geometry":{"type":"Polygon","coordinates":[[[72.43710137017342,23.01471579069262],[72.4433010724469,23.00418404470254],[72.45719194985783,23.003508468768313],[72.46488730280676,23.013364248820736],[72.45869018140219,23.023898236982777],[72.44479512515103,23.024574203037048],[72.43710137017342,23.01471579069262]]]},"properties":{"zone":"8742ceb54ffffff","rank":70,"reasoned":false,"priority_score":0.5414,"aqi_latest":76.8,"aqi_pred_delta":6.1,"traffic_latest":50.0,"traffic_pred_delta":0.6,"ndvi_latest":0.277,"ndvi_trend_per_year":-0.0099,"ndvi_pred_delta":-0.0453,"plantable_space":0.54,"plantable_source":"proxy_1_minus_ndvi","n_sites":0,"species":[],"justification":"","soil":{"ph":7.3,"ph_class":"neutral","texture":"clay loam","texture_simple":"clay","moisture":null,"soc":93.5}}},{"type":"Feature","geometry":{"type":"Polygon","coordinates":[[[72.59296398616021,23.14020642297683],[72.59915043381461,23.12964920480804],[72.61306468822977,23.128958381156785],[72.6207966848587,23.13882436740541],[72.61461284674581,23.14938382000926],[72.60069440142979,23.150075052051537],[72.59296398616021,23.14020642297683]]]},"properties":{"zone":"8742cc6a2ffffff","rank":71,"reasoned":false,"priority_score":0.538,"aqi_latest":80.9,"aqi_pred_delta":5.0,"traffic_latest":50.0,"traffic_pred_delta":-0.1,"ndvi_latest":0.355,"ndvi_trend_per_year":-0.0189,"ndvi_pred_delta":-0.1234,"plantable_space":0.41,"plantable_source":"proxy_1_minus_ndvi","n_sites":0,"species":[],"justification":"","soil":{"ph":7.45,"ph_class":"neutral","texture":"clay loam","texture_simple":"clay","moisture":null,"soc":92.0}}},{"type":"Feature","geometry":{"type":"Polygon","coordinates":[[[72.63315849849745,23.117709763738322],[72.63933647558814,23.107154614277817],[72.6532454155668,23.106460576559105],[72.66098056459295,23.116321275668884],[72.65480520019254,23.126878656190247],[72.64089207304453,23.12757310666436],[72.63315849849745,23.117709763738322]]]},"properties":{"zone":"8742cc680ffffff","rank":72,"reasoned":false,"priority_score":0.5347,"aqi_latest":80.9,"aqi_pred_delta":3.0,"traffic_latest":50.0,"traffic_pred_delta":-0.5,"ndvi_latest":0.308,"ndvi_trend_per_year":-0.0228,"ndvi_pred_delta":-0.1534,"plantable_space":0.49,"plantable_source":"proxy_1_minus_ndvi","n_sites":0,"species":[],"justification":"","soil":{"ph":7.4,"ph_class":"neutral","texture":"clay loam","texture_simple":"clay","moisture":null,"soc":95.5}}},{"type":"Feature","geometry":{"type":"Polygon","coordinates":[[[72.56518775352627,23.04938187667775],[72.57137029321234,23.03883996636208],[72.5852662749221,23.03815278022434],[72.5929838961797,23.048007099835104],[72.58680395563411,23.058551244277975],[72.57290379366158,23.059238835103848],[72.56518775352627,23.04938187667775]]]},"properties":{"zone":"8742ceb4bffffff","rank":73,"reasoned":false,"priority_score":0.5323,"aqi_latest":76.8,"aqi_pred_delta":11.6,"traffic_latest":50.0,"traffic_pred_delta":0.8,"ndvi_latest":0.228,"ndvi_trend_per_year":0.0053,"ndvi_pred_delta":-0.0724,"plantable_space":0.62,"plantable_source":"proxy_1_minus_ndvi","n_sites":0,"species":[],"justification":""}},{"type":"Feature","geometry":{"type":"Polygon","coordinates":[[[72.60071306772386,22.965775599658553],[72.60688229929455,22.95524559063721],[72.62076047525473,22.954556432158018],[72.62847358771113,22.964396874702803],[72.62230695314747,22.974929113280812],[72.60842460809579,22.97561867987933],[72.60071306772386,22.965775599658553]]]},"properties":{"zone":"8742cea46ffffff","rank":74,"reasoned":false,"priority_score":0.5292,"aqi_latest":78.3,"aqi_pred_delta":7.8,"traffic_latest":50.0,"traffic_pred_delta":1.2,"ndvi_latest":0.176,"ndvi_trend_per_year":0.002,"ndvi_pred_delta":-0.053,"plantable_space":0.71,"plantable_source":"proxy_1_minus_ndvi","n_sites":0,"species":[],"justification":""}},{"type":"Feature","geometry":{"type":"Polygon","coordinates":[[[72.51742265832728,22.969883047837676],[72.52360549884943,22.959355422534315],[72.53748587950511,22.95867344180497],[72.54518759011196,22.96851868766527],[72.53900733680446,22.979048548431784],[72.52512278464965,22.979730927994016],[72.51742265832728,22.969883047837676]]]},"properties":{"zone":"8742cea29ffffff","rank":75,"reasoned":false,"priority_score":0.5232,"aqi_latest":74.7,"aqi_pred_delta":4.4,"traffic_latest":50.0,"traffic_pred_delta":1.7,"ndvi_latest":0.356,"ndvi_trend_per_year":-0.0209,"ndvi_pred_delta":-0.1429,"plantable_space":0.41,"plantable_source":"proxy_1_minus_ndvi","n_sites":0,"species":[],"justification":"","soil":{"ph":7.5,"ph_class":"neutral","texture":"clay loam","texture_simple":"clay","moisture":null,"soc":116.0}}},{"type":"Feature","geometry":{"type":"Polygon","coordinates":[[[72.5079407588289,23.123898139480236],[72.51413924707151,23.11334660779532],[72.52805152129041,23.1126634414458],[72.53576949705015,23.12253140816133],[72.52957360671644,23.13308517982478],[72.51565714168112,23.13376874491339],[72.5079407588289,23.123898139480236]]]},"properties":{"zone":"8742ceb6dffffff","rank":76,"reasoned":false,"priority_score":0.5215,"aqi_latest":76.8,"aqi_pred_delta":6.7,"traffic_latest":50.0,"traffic_pred_delta":0.1,"ndvi_latest":0.33,"ndvi_trend_per_year":-0.0111,"ndvi_pred_delta":0.0421,"plantable_space":0.45,"plantable_source":"proxy_1_minus_ndvi","n_sites":0,"species":[],"justification":"","soil":{"ph":7.4,"ph_class":"neutral","texture":"clay loam","texture_simple":"clay","moisture":null,"soc":105.0}}},{"type":"Feature","geometry":{"type":"Polygon","coordinates":[[[72.61306468822977,23.128958381156785],[72.61924690009214,23.118402195758676],[72.63315849849745,23.117709763738322],[72.64089207304453,23.12757310666436],[72.63471247230007,23.13813152481061],[72.6207966848587,23.13882436740541],[72.61306468822977,23.128958381156785]]]},"properties":{"zone":"8742cc684ffffff","rank":77,"reasoned":false,"priority_score":0.5184,"aqi_latest":80.9,"aqi_pred_delta":5.0,"traffic_latest":50.0,"traffic_pred_delta":-0.1,"ndvi_latest":0.37,"ndvi_trend_per_year":-0.0171,"ndvi_pred_delta":-0.1267,"plantable_space":0.38,"plantable_source":"proxy_1_minus_ndvi","n_sites":0,"species":[],"justification":"","soil":{"ph":7.4,"ph_class":"neutral","texture":"clay loam","texture_simple":"clay","moisture":null,"soc":91.5}}},{"type":"Feature","geometry":{"type":"Polygon","coordinates":[[[72.65480520019254,23.126878656190247],[72.66098056459295,23.116321275668884],[72.67489102903382,23.11562521998831],[72.68263031584291,23.125486129708037],[72.67645756747534,23.13604573999527],[72.66254291523451,23.136742210921053],[72.65480520019254,23.126878656190247]]]},"properties":{"zone":"8742cc681ffffff","rank":78,"reasoned":false,"priority_score":0.5172,"aqi_latest":80.9,"aqi_pred_delta":5.0,"traffic_latest":50.0,"traffic_pred_delta":-0.1,"ndvi_latest":0.341,"ndvi_trend_per_year":-0.0151,"ndvi_pred_delta":-0.0877,"plantable_space":0.43,"plantable_source":"proxy_1_minus_ndvi","n_sites":0,"species":[],"justification":"","soil":{"ph":7.4,"ph_class":"neutral","texture":"clay loam","texture_simple":"clay","moisture":null,"soc":99.5}}},{"type":"Feature","geometry":{"type":"Polygon","coordinates":[[[72.50945701670038,23.14432353963548],[72.51565714168112,23.13376874491339],[72.52957360671644,23.13308517982478],[72.53729413905945,23.142956010540633],[72.53109661374815,23.1535130456424],[72.5171759553905,23.154197009767962],[72.50945701670038,23.14432353963548]]]},"properties":{"zone":"8742cc79effffff","rank":79,"reasoned":false,"priority_score":0.5148,"aqi_latest":76.8,"aqi_pred_delta":6.0,"traffic_latest":50.0,"traffic_pred_delta":1.7,"ndvi_latest":0.336,"ndvi_trend_per_year":-0.0125,"ndvi_pred_delta":0.0362,"plantable_space":0.44,"plantable_source":"proxy_1_minus_ndvi","n_sites":0,"species":[],"justification":"","soil":{"ph":7.4,"ph_class":"neutral","texture":"clay loam","texture_simple":"clay","moisture":null,"soc":105.0}}},{"type":"Feature","geometry":{"type":"Polygon","coordinates":[[[72.63471247230007,23.13813152481061],[72.64089207304453,23.12757310666436],[72.65480520019254,23.126878656190247],[72.66254291523451,23.136742210921053],[72.65636592895333,23.14730286052157],[72.64244861213483,23.147997724060502],[72.63471247230007,23.13813152481061]]]},"properties":{"zone":"8742cc685ffffff","rank":80,"reasoned":false,"priority_score":0.5065,"aqi_latest":80.9,"aqi_pred_delta":5.0,"traffic_latest":50.0,"traffic_pred_delta":-0.1,"ndvi_latest":0.347,"ndvi_trend_per_year":-0.0147,"ndvi_pred_delta":-0.0839,"plantable_space":0.42,"plantable_source":"proxy_1_minus_ndvi","n_sites":0,"species":[],"justification":"","soil":{"ph":7.3,"ph_class":"neutral","texture":"clay loam","texture_simple":"clay","moisture":null,"soc":114.0}}},{"type":"Feature","geometry":{"type":"Polygon","coordinates":[[[72.53900733680446,22.979048548431784],[72.54518759011196,22.96851868766527],[72.5590695101826,22.96783471135251],[72.56677534806546,22.97768019462063],[72.5605976852998,22.988212289579135],[72.54671159308347,22.98889666719749],[72.53900733680446,22.979048548431784]]]},"properties":{"zone":"8742cea74ffffff","rank":81,"reasoned":false,"priority_score":0.5043,"aqi_latest":74.7,"aqi_pred_delta":5.3,"traffic_latest":50.0,"traffic_pred_delta":1.8,"ndvi_latest":0.322,"ndvi_trend_per_year":-0.0119,"ndvi_pred_delta":-0.1029,"plantable_space":0.46,"plantable_source":"proxy_1_minus_ndvi","n_sites":0,"species":[],"justification":"","soil":{"ph":7.5,"ph_class":"neutral","texture":"clay loam","texture_simple":"clay","moisture":null,"soc":116.0}}},{"type":"Feature","geometry":{"type":"Polygon","coordinates":[[[72.67489102903382,23.11562521998831],[72.68106215811738,23.105068880255917],[72.69496995744221,23.104371222041415],[72.70271081258045,23.114229486260914],[72.69654230109528,23.124788054070375],[72.68263031584291,23.125486129708037],[72.67489102903382,23.11562521998831]]]},"properties":{"zone":"8742cc68effffff","rank":82,"reasoned":false,"priority_score":0.5022,"aqi_latest":80.9,"aqi_pred_delta":5.0,"traffic_latest":50.0,"traffic_pred_delta":-0.1,"ndvi_latest":0.35,"ndvi_trend_per_year":-0.0146,"ndvi_pred_delta":-0.1216,"plantable_space":0.42,"plantable_source":"proxy_1_minus_ndvi","n_sites":0,"species":[],"justification":"","soil":{"ph":7.4,"ph_class":"neutral","texture":"clay loam","texture_simple":"clay","moisture":null,"soc":103.5}}},{"type":"Feature","geometry":{"type":"Polygon","coordinates":[[[72.64235328734965,22.963705717620922],[72.64851570626787,22.953174528402357],[72.66239275809461,22.9524817834905],[72.67011155784735,22.962319815161248],[72.66395174081823,22.972853230974877],[72.65007052112324,22.973546388646046],[72.64235328734965,22.963705717620922]]]},"properties":{"zone":"8742cea43ffffff","rank":83,"reasoned":false,"priority_score":0.5002,"aqi_latest":78.3,"aqi_pred_delta":8.1,"traffic_latest":50.0,"traffic_pred_delta":1.6,"ndvi_latest":0.29,"ndvi_trend_per_year":-0.0036,"ndvi_pred_delta":-0.0778,"plantable_space":0.52,"plantable_source":"proxy_1_minus_ndvi","n_sites":0,"species":[],"justification":"","soil":{"ph":7.3,"ph_class":"neutral","texture":"clay loam","texture_simple":"clay","moisture":null,"soc":104.0}}},{"type":"Feature","geometry":{"type":"Polygon","coordinates":[[[72.50188489335633,23.042257854734256],[72.508076843008,23.03171938603101],[72.52197237897576,23.031037811662358],[72.52968014507763,23.040894308566624],[72.52349078631025,23.05143501563324],[72.50959106952745,23.05211698755107],[72.50188489335633,23.042257854734256]]]},"properties":{"zone":"8742ceb43ffffff","rank":84,"reasoned":false,"priority_score":0.4968,"aqi_latest":76.8,"aqi_pred_delta":7.6,"traffic_latest":50.0,"traffic_pred_delta":0.6,"ndvi_latest":0.263,"ndvi_trend_per_year":-0.0023,"ndvi_pred_delta":-0.0764,"plantable_space":0.56,"plantable_source":"proxy_1_minus_ndvi","n_sites":0,"species":[],"justification":""}},{"type":"Feature","geometry":{"type":"Polygon","coordinates":[[[72.50642541838855,23.103478868447382],[72.51262227072979,23.092930600886753],[72.52653035663596,23.09224783297863],[72.53424577748156,23.102112934308863],[72.52805152129041,23.1126634414458],[72.51413924707151,23.11334660779532],[72.50642541838855,23.103478868447382]]]},"properties":{"zone":"8742ceb68ffffff","rank":85,"reasoned":false,"priority_score":0.4903,"aqi_latest":76.8,"aqi_pred_delta":6.1,"traffic_latest":50.0,"traffic_pred_delta":0.2,"ndvi_latest":0.313,"ndvi_trend_per_year":-0.0086,"ndvi_pred_delta":-0.0345,"plantable_space":0.48,"plantable_source":"proxy_1_minus_ndvi","n_sites":0,"species":[],"justification":"","soil":{"ph":7.3,"ph_class":"neutral","texture":"clay loam","texture_simple":"clay","moisture":null,"soc":93.0}}},{"type":"Feature","geometry":{"type":"Polygon","coordinates":[[[72.59142258069174,23.119783434853698],[72.59760740032677,23.109229483494662],[72.61151746634378,23.108539067928877],[72.61924690009214,23.118402195758676],[72.61306468822977,23.128958381156785],[72.59915043381461,23.12964920480804],[72.59142258069174,23.119783434853698]]]},"properties":{"zone":"8742cc6b1ffffff","rank":86,"reasoned":false,"priority_score":0.4791,"aqi_latest":80.9,"aqi_pred_delta":8.0,"traffic_latest":50.0,"traffic_pred_delta":1.2,"ndvi_latest":0.296,"ndvi_trend_per_year":-0.0025,"ndvi_pred_delta":-0.0566,"plantable_space":0.51,"plantable_source":"proxy_1_minus_ndvi","n_sites":0,"species":[],"justification":"","soil":{"ph":7.4,"ph_class":"neutral","texture":"clay loam","texture_simple":"clay","moisture":null,"soc":91.5}}},{"type":"Feature","geometry":{"type":"Polygon","coordinates":[[[72.53748587950511,22.95867344180497],[72.54366450707592,22.94814685454178],[72.55754225748747,22.947463279234086],[72.56524554896227,22.957305890304358],[72.5590695101826,22.96783471135251],[72.54518759011196,22.96851868766527],[72.53748587950511,22.95867344180497]]]},"properties":{"zone":"8742cea76ffffff","rank":87,"reasoned":false,"priority_score":0.4694,"aqi_latest":74.7,"aqi_pred_delta":4.9,"traffic_latest":50.0,"traffic_pred_delta":0.5,"ndvi_latest":0.266,"ndvi_trend_per_year":-0.0056,"ndvi_pred_delta":-0.0336,"plantable_space":0.56,"plantable_source":"proxy_1_minus_ndvi","n_sites":0,"species":[],"justification":"","soil":{"ph":7.4,"ph_class":"neutral","texture":"clay loam","texture_simple":"clay","moisture":null,"soc":108.0}}},{"type":"Feature","geometry":{"type":"Polygon","coordinates":[[[72.61461284674581,23.14938382000926],[72.6207966848587,23.13882436740541],[72.63471247230007,23.13813152481061],[72.64244861213483,23.147997724060502],[72.63626738691165,23.158559409806667],[72.62234740793117,23.159252663283468],[72.61461284674581,23.14938382000926]]]},"properties":{"zone":"8742cc6a3ffffff","rank":88,"reasoned":false,"priority_score":0.4677,"aqi_latest":80.9,"aqi_pred_delta":2.3,"traffic_latest":50.0,"traffic_pred_delta":1.1,"ndvi_latest":0.325,"ndvi_trend_per_year":-0.0151,"ndvi_pred_delta":-0.0825,"plantable_space":0.46,"plantable_source":"proxy_1_minus_ndvi","n_sites":0,"species":[],"justification":"","soil":{"ph":7.5,"ph_class":"neutral","texture":"clay loam","texture_simple":"clay","moisture":null,"soc":98.0}}},{"type":"Feature","geometry":{"type":"Polygon","coordinates":[[[72.52957360671644,23.13308517982478],[72.53576949705015,23.12253140816133],[72.54968331950052,23.121846228397924],[72.55740544205308,23.131714419191578],[72.55121215297885,23.14227042955086],[72.53729413905945,23.142956010540633],[72.52957360671644,23.13308517982478]]]},"properties":{"zone":"8742cc79affffff","rank":89,"reasoned":false,"priority_score":0.4598,"aqi_latest":76.8,"aqi_pred_delta":7.8,"traffic_latest":50.0,"traffic_pred_delta":1.6,"ndvi_latest":0.297,"ndvi_trend_per_year":-0.0014,"ndvi_pred_delta":-0.0221,"plantable_space":0.51,"plantable_source":"proxy_1_minus_ndvi","n_sites":0,"species":[],"justification":"","soil":{"ph":7.5,"ph_class":"neutral","texture":"clay loam","texture_simple":"clay","moisture":null,"soc":99.5}}},{"type":"Feature","geometry":{"type":"Polygon","coordinates":[[[72.48631361323088,23.114709313817947],[72.49251469603196,23.1041600233913],[72.50642541838855,23.103478868447382],[72.51413924707151,23.11334660779532],[72.5079407588289,23.123898139480236],[72.49402584631203,23.12457969067743],[72.48631361323088,23.114709313817947]]]},"properties":{"zone":"8742ceb6cffffff","rank":90,"reasoned":false,"priority_score":0.454,"aqi_latest":76.8,"aqi_pred_delta":7.8,"traffic_latest":50.0,"traffic_pred_delta":1.6,"ndvi_latest":0.293,"ndvi_trend_per_year":-0.0006,"ndvi_pred_delta":0.0365,"plantable_space":0.51,"plantable_source":"proxy_1_minus_ndvi","n_sites":0,"species":[],"justification":"","soil":{"ph":7.4,"ph_class":"neutral","texture":"clay loam","texture_simple":"clay","moisture":null,"soc":102.0}}},{"type":"Feature","geometry":{"type":"Polygon","coordinates":[[[72.45120806536936,22.92201086709881],[72.45739701486393,22.911493227639557],[72.47126858859455,22.91081761281303],[72.47895537885971,22.920659246431722],[72.47276900486025,22.931179124735664],[72.45889326407617,22.93185513069312],[72.45120806536936,22.92201086709881]]]},"properties":{"zone":"8742cea04ffffff","rank":91,"reasoned":false,"priority_score":0.4532,"aqi_latest":74.7,"aqi_pred_delta":10.0,"traffic_latest":50.0,"traffic_pred_delta":0.8,"ndvi_latest":0.227,"ndvi_trend_per_year":0.0086,"ndvi_pred_delta":0.0083,"plantable_space":0.62,"plantable_source":"proxy_1_minus_ndvi","n_sites":0,"species":[],"justification":"","soil":{"ph":7.3,"ph_class":"neutral","texture":"clay loam","texture_simple":"clay","moisture":null,"soc":109.0}}},{"type":"Feature","geometry":{"type":"Polygon","coordinates":[[[72.5883425662718,23.078955843038266],[72.59452413235303,23.068408428546007],[72.60842582907311,23.067718828235066],[72.61615014208134,23.07757623506341],[72.60997118024038,23.088125882799563],[72.59606530012098,23.08881589058529],[72.5883425662718,23.078955843038266]]]},"properties":{"zone":"8742cc694ffffff","rank":92,"reasoned":false,"priority_score":0.4504,"aqi_latest":80.9,"aqi_pred_delta":3.0,"traffic_latest":50.0,"traffic_pred_delta":-0.5,"ndvi_latest":0.324,"ndvi_trend_per_year":-0.0122,"ndvi_pred_delta":-0.0931,"plantable_space":0.46,"plantable_source":"proxy_1_minus_ndvi","n_sites":0,"species":[],"justification":"","soil":{"ph":7.3,"ph_class":"neutral","texture":"clay loam","texture_simple":"clay","moisture":null,"soc":120.5}}},{"type":"Feature","geometry":{"type":"Polygon","coordinates":[[[72.67645756747534,23.13604573999527],[72.68263031584291,23.125486129708037],[72.69654230109528,23.124788054070375],[72.70428572537561,23.13464917110842],[72.69811559638353,23.14521100986357],[72.68419942270413,23.145909503237633],[72.67645756747534,23.13604573999527]]]},"properties":{"zone":"8742cc68cffffff","rank":93,"reasoned":false,"priority_score":0.4501,"aqi_latest":80.9,"aqi_pred_delta":5.0,"traffic_latest":50.0,"traffic_pred_delta":-0.1,"ndvi_latest":0.332,"ndvi_trend_per_year":-0.009,"ndvi_pred_delta":-0.0389,"plantable_space":0.45,"plantable_source":"proxy_1_minus_ndvi","n_sites":0,"species":[],"justification":"","soil":{"ph":7.5,"ph_class":"neutral","texture":"clay loam","texture_simple":"clay","moisture":null,"soc":93.5}}},{"type":"Feature","geometry":{"type":"Polygon","coordinates":[[[72.48329732861261,23.073881848845257],[72.48949513693725,23.063339086941387],[72.50339748648105,23.062658723617048],[72.51110621182508,23.072520726652876],[72.50491099454901,23.083065729005902],[72.49100445984939,23.083746487992258],[72.48329732861261,23.073881848845257]]]},"properties":{"zone":"8742ceb45ffffff","rank":94,"reasoned":false,"priority_score":0.4402,"aqi_latest":76.8,"aqi_pred_delta":6.7,"traffic_latest":50.0,"traffic_pred_delta":0.1,"ndvi_latest":0.324,"ndvi_trend_per_year":-0.0042,"ndvi_pred_delta":-0.0104,"plantable_space":0.46,"plantable_source":"proxy_1_minus_ndvi","n_sites":0,"species":[],"justification":"","soil":{"ph":7.5,"ph_class":"neutral","texture":"clay loam","texture_simple":"clay","moisture":null,"soc":104.0}}},{"type":"Feature","geometry":{"type":"Polygon","coordinates":[[[72.50491099454901,23.083065729005902],[72.51110621182508,23.072520726652876],[72.52501011191995,23.07183835688859],[72.53272297951894,23.081700591452538],[72.52653035663596,23.09224783297863],[72.51262227072979,23.092930600886753],[72.50491099454901,23.083065729005902]]]},"properties":{"zone":"8742ceb6affffff","rank":95,"reasoned":false,"priority_score":0.4278,"aqi_latest":76.8,"aqi_pred_delta":7.6,"traffic_latest":50.0,"traffic_pred_delta":1.2,"ndvi_latest":0.281,"ndvi_trend_per_year":0.002,"ndvi_pred_delta":-0.0148,"plantable_space":0.53,"plantable_source":"proxy_1_minus_ndvi","n_sites":0,"species":[],"justification":"","soil":{"ph":7.3,"ph_class":"neutral","texture":"clay loam","texture_simple":"clay","moisture":null,"soc":90.5}}},{"type":"Feature","geometry":{"type":"Polygon","coordinates":[[[72.58680395563411,23.058551244277975],[72.5929838961797,23.048007099835104],[72.60688141199653,23.04731790669384],[72.61460316714198,23.05717245094749],[72.60842582907311,23.067718828235066],[72.59452413235303,23.068408428546007],[72.58680395563411,23.058551244277975]]]},"properties":{"zone":"8742cc696ffffff","rank":96,"reasoned":false,"priority_score":0.4271,"aqi_latest":80.9,"aqi_pred_delta":8.0,"traffic_latest":50.0,"traffic_pred_delta":1.2,"ndvi_latest":0.294,"ndvi_trend_per_year":0.0018,"ndvi_pred_delta":-0.0927,"plantable_space":0.51,"plantable_source":"proxy_1_minus_ndvi","n_sites":0,"species":[],"justification":"","soil":{"ph":7.2,"ph_class":"neutral","texture":"clay loam","texture_simple":"clay","moisture":null,"soc":133.0}}},{"type":"Feature","geometry":{"type":"Polygon","coordinates":[[[72.66395174081823,22.972853230974877],[72.67011155784735,22.962319815161248],[72.68399012547968,22.961625070149967],[72.69171304355164,22.9714633258419],[72.68555583173077,22.98199896696723],[72.67167309560551,22.98269412721302],[72.66395174081823,22.972853230974877]]]},"properties":{"zone":"8742cea4effffff","rank":97,"reasoned":false,"priority_score":0.4256,"aqi_latest":78.3,"aqi_pred_delta":2.8,"traffic_latest":50.0,"traffic_pred_delta":-0.5,"ndvi_latest":0.32,"ndvi_trend_per_year":-0.0104,"ndvi_pred_delta":-0.0923,"plantable_space":0.47,"plantable_source":"proxy_1_minus_ndvi","n_sites":0,"species":[],"justification":"","soil":{"ph":7.4,"ph_class":"neutral","texture":"clay loam","texture_simple":"clay","moisture":null,"soc":109.0}}},{"type":"Feature","geometry":{"type":"Polygon","coordinates":[[[72.48782312501523,23.135132243738294],[72.49402584631203,23.12457969067743],[72.5079407588289,23.123898139480236],[72.51565714168112,23.13376874491339],[72.50945701670038,23.14432353963548],[72.49553791151764,23.145005487381784],[72.48782312501523,23.135132243738294]]]},"properties":{"zone":"8742cc793ffffff","rank":98,"reasoned":false,"priority_score":0.4217,"aqi_latest":76.8,"aqi_pred_delta":6.0,"traffic_latest":50.0,"traffic_pred_delta":1.7,"ndvi_latest":0.353,"ndvi_trend_per_year":-0.0063,"ndvi_pred_delta":0.0787,"plantable_space":0.41,"plantable_source":"proxy_1_minus_ndvi","n_sites":0,"species":[],"justification":"","soil":{"ph":7.35,"ph_class":"neutral","texture":"clay loam","texture_simple":"clay","moisture":null,"soc":103.0}}},{"type":"Feature","geometry":{"type":"Polygon","coordinates":[[[72.51590791580234,22.94951041734701],[72.52208912884008,22.938986065138163],[72.53596534048286,22.938304482943185],[72.54366450707592,22.94814685454178],[72.53748587950511,22.95867344180497],[72.52360549884943,22.959355422534315],[72.51590791580234,22.94951041734701]]]},"properties":{"zone":"8742cea2bffffff","rank":99,"reasoned":false,"priority_score":0.4205,"aqi_latest":74.7,"aqi_pred_delta":0.8,"traffic_latest":50.0,"traffic_pred_delta":0.1,"ndvi_latest":0.395,"ndvi_trend_per_year":-0.0181,"ndvi_pred_delta":-0.1169,"plantable_space":0.34,"plantable_source":"proxy_1_minus_ndvi","n_sites":0,"species":[],"justification":"","soil":{"ph":7.3,"ph_class":"neutral","texture":"clay loam","texture_simple":"clay","moisture":null,"soc":104.0}}},{"type":"Feature","geometry":{"type":"Polygon","coordinates":[[[72.47877973667961,23.012686675412947],[72.48497263956772,23.002153714371868],[72.49886244862853,23.001474536261785],[72.50656353143886,23.01132792453451],[72.5003732143476,23.021863124803208],[72.48647922762099,23.022542697689556],[72.47877973667961,23.012686675412947]]]},"properties":{"zone":"8742ceb51ffffff","rank":100,"reasoned":false,"priority_score":0.4181,"aqi_latest":76.8,"aqi_pred_delta":7.0,"traffic_latest":50.0,"traffic_pred_delta":-0.0,"ndvi_latest":0.363,"ndvi_trend_per_year":-0.0049,"ndvi_pred_delta":-0.1016,"plantable_space":0.39,"plantable_source":"proxy_1_minus_ndvi","n_sites":0,"species":[],"justification":"","soil":{"ph":7.3,"ph_class":"neutral","texture":"clay loam","texture_simple":"clay","moisture":null,"soc":97.0}}},{"type":"Feature","geometry":{"type":"Polygon","coordinates":[[[72.44971435058847,22.901651846530022],[72.45590166820769,22.89113747997871],[72.46976907736793,22.890462255990727],[72.4774533324559,22.90030100783231],[72.47126858859455,22.91081761281303],[72.45739701486393,22.911493227639557],[72.44971435058847,22.901651846530022]]]},"properties":{"zone":"8742cea06ffffff","rank":101,"reasoned":false,"priority_score":0.4153,"aqi_latest":74.7,"aqi_pred_delta":10.0,"traffic_latest":50.0,"traffic_pred_delta":0.8,"ndvi_latest":0.245,"ndvi_trend_per_year":0.0166,"ndvi_pred_delta":0.0026,"plantable_space":0.59,"plantable_source":"proxy_1_minus_ndvi","n_sites":0,"species":[],"justification":"","soil":{"ph":7.5,"ph_class":"neutral","texture":"clay loam","texture_simple":"clay","moisture":null,"soc":133.5}}},{"type":"Feature","geometry":{"type":"Polygon","coordinates":[[[72.48179055412683,23.053477318714922],[72.48798672646947,23.042937822691975],[72.50188489335633,23.042257854734256],[72.50959106952745,23.05211698755107],[72.50339748648105,23.062658723617048],[72.48949513693725,23.063339086941387],[72.48179055412683,23.053477318714922]]]},"properties":{"zone":"8742ceb40ffffff","rank":102,"reasoned":false,"priority_score":0.4111,"aqi_latest":76.8,"aqi_pred_delta":6.1,"traffic_latest":50.0,"traffic_pred_delta":0.2,"ndvi_latest":0.31,"ndvi_trend_per_year":-0.002,"ndvi_pred_delta":-0.0607,"plantable_space":0.48,"plantable_source":"proxy_1_minus_ndvi","n_sites":0,"species":[],"justification":"","soil":{"ph":7.4,"ph_class":"neutral","texture":"clay loam","texture_simple":"clay","moisture":null,"soc":105.5}}},{"type":"Feature","geometry":{"type":"Polygon","coordinates":[[[72.47276900486025,22.931179124735664],[72.47895537885971,22.920659246431722],[72.49282850215772,22.91998164447853],[72.50051941814179,22.929823527349612],[72.49433562296124,22.940345643237734],[72.48045833195319,22.94102363878823],[72.47276900486025,22.931179124735664]]]},"properties":{"zone":"8742cea05ffffff","rank":103,"reasoned":false,"priority_score":0.4077,"aqi_latest":74.7,"aqi_pred_delta":10.0,"traffic_latest":50.0,"traffic_pred_delta":0.8,"ndvi_latest":0.253,"ndvi_trend_per_year":0.0156,"ndvi_pred_delta":0.0574,"plantable_space":0.58,"plantable_source":"proxy_1_minus_ndvi","n_sites":0,"species":[],"justification":"","soil":{"ph":7.4,"ph_class":"neutral","texture":"clay loam","texture_simple":"clay","moisture":null,"soc":106.5}}},{"type":"Feature","geometry":{"type":"Polygon","coordinates":[[[72.4742703269826,22.951546789363622],[72.48045833195319,22.94102363878823],[72.49433562296124,22.940345643237734],[72.50202907816897,22.950190404488552],[72.49584365375917,22.96071579306055],[72.48196219255541,22.96139418250287],[72.4742703269826,22.951546789363622]]]},"properties":{"zone":"8742cea2effffff","rank":104,"reasoned":false,"priority_score":0.3968,"aqi_latest":74.7,"aqi_pred_delta":6.0,"traffic_latest":50.0,"traffic_pred_delta":1.2,"ndvi_latest":0.279,"ndvi_trend_per_year":0.0015,"ndvi_pred_delta":0.0086,"plantable_space":0.53,"plantable_source":"proxy_1_minus_ndvi","n_sites":0,"species":[],"justification":"","soil":{"ph":7.3,"ph_class":"neutral","texture":"clay loam","texture_simple":"clay","moisture":null,"soc":104.0}}},{"type":"Feature","geometry":{"type":"Polygon","coordinates":[[[72.45569462329954,22.983124845254636],[72.461888473431,22.97259739339112],[72.47577255578008,22.97192060429413],[72.48346696148656,22.981770875168895],[72.47727569207227,22.992300567116654],[72.46338743520725,22.992977748222575],[72.45569462329954,22.983124845254636]]]},"properties":{"zone":"8742ceb52ffffff","rank":105,"reasoned":false,"priority_score":0.3942,"aqi_latest":74.7,"aqi_pred_delta":4.5,"traffic_latest":50.0,"traffic_pred_delta":0.2,"ndvi_latest":0.306,"ndvi_trend_per_year":-0.0035,"ndvi_pred_delta":-0.0225,"plantable_space":0.49,"plantable_source":"proxy_1_minus_ndvi","n_sites":0,"species":[],"justification":"","soil":{"ph":7.25,"ph_class":"neutral","texture":"clay loam","texture_simple":"clay","moisture":null,"soc":103.0}}},{"type":"Feature","geometry":{"type":"Polygon","coordinates":[[[72.47577255578008,22.97192060429413],[72.48196219255541,22.96139418250287],[72.49584365375917,22.96071579306055],[72.50353964984475,22.97056343134084],[72.49735259537383,22.981092091540102],[72.48346696148656,22.981770875168895],[72.47577255578008,22.97192060429413]]]},"properties":{"zone":"8742cea2cffffff","rank":106,"reasoned":false,"priority_score":0.3841,"aqi_latest":74.7,"aqi_pred_delta":6.2,"traffic_latest":50.0,"traffic_pred_delta":1.6,"ndvi_latest":0.285,"ndvi_trend_per_year":0.0024,"ndvi_pred_delta":0.0112,"plantable_space":0.52,"plantable_source":"proxy_1_minus_ndvi","n_sites":0,"species":[],"justification":"","soil":{"ph":7.25,"ph_class":"neutral","texture":"clay loam","texture_simple":"clay","moisture":null,"soc":142.0}}},{"type":"Feature","geometry":{"type":"Polygon","coordinates":[[[72.4601893187513,23.04429414746833],[72.4663880770488,23.033756892759747],[72.48028469042364,23.033078926756957],[72.48798672646947,23.042937822691975],[72.48179055412683,23.053477318714922],[72.46788975875366,23.05415567760595],[72.4601893187513,23.04429414746833]]]},"properties":{"zone":"8742ceb46ffffff","rank":107,"reasoned":false,"priority_score":0.3832,"aqi_latest":76.8,"aqi_pred_delta":3.9,"traffic_latest":50.0,"traffic_pred_delta":0.6,"ndvi_latest":0.298,"ndvi_trend_per_year":-0.0032,"ndvi_pred_delta":-0.0455,"plantable_space":0.5,"plantable_source":"proxy_1_minus_ndvi","n_sites":0,"species":[],"justification":"","soil":{"ph":7.3,"ph_class":"neutral","texture":"clay loam","texture_simple":"clay","moisture":null,"soc":97.0}}},{"type":"Feature","geometry":{"type":"Polygon","coordinates":[[[72.48480501470549,23.094292514698633],[72.49100445984939,23.083746487992258],[72.50491099454901,23.083065729005902],[72.51262227072979,23.092930600886753],[72.50642541838855,23.103478868447382],[72.49251469603196,23.1041600233913],[72.48480501470549,23.094292514698633]]]},"properties":{"zone":"8742ceb6effffff","rank":108,"reasoned":false,"priority_score":0.3739,"aqi_latest":76.8,"aqi_pred_delta":6.0,"traffic_latest":50.0,"traffic_pred_delta":1.7,"ndvi_latest":0.334,"ndvi_trend_per_year":-0.0009,"ndvi_pred_delta":0.0179,"plantable_space":0.44,"plantable_source":"proxy_1_minus_ndvi","n_sites":0,"species":[],"justification":"","soil":{"ph":7.35,"ph_class":"neutral","texture":"clay loam","texture_simple":"clay","moisture":null,"soc":93.5}}},{"type":"Feature","geometry":{"type":"Polygon","coordinates":[[[72.57759179086221,22.936252565913687],[72.58376199553378,22.92572806415117],[72.59763447822483,22.925041307628995],[72.60534092119399,22.934878647648304],[72.59917330845467,22.945405379838363],[72.5852966597904,22.94609254170269],[72.57759179086221,22.936252565913687]]]},"properties":{"zone":"8742cea54ffffff","rank":109,"reasoned":false,"priority_score":0.3632,"aqi_latest":74.7,"aqi_pred_delta":6.0,"traffic_latest":50.0,"traffic_pred_delta":1.2,"ndvi_latest":0.271,"ndvi_trend_per_year":0.0048,"ndvi_pred_delta":-0.0084,"plantable_space":0.55,"plantable_source":"proxy_1_minus_ndvi","n_sites":0,"species":[],"justification":"","soil":{"ph":7.4,"ph_class":"neutral","texture":"clay loam","texture_simple":"clay","moisture":null,"soc":110.5}}},{"type":"Feature","geometry":{"type":"Polygon","coordinates":[[[72.47126858859455,22.91081761281303],[72.4774533324559,22.90030100783231],[72.49132229052724,22.89962379918203],[72.4990106689403,22.909462802327106],[72.49282850215772,22.91998164447853],[72.47895537885971,22.920659246431722],[72.47126858859455,22.91081761281303]]]},"properties":{"zone":"8742cea00ffffff","rank":110,"reasoned":false,"priority_score":0.3551,"aqi_latest":74.7,"aqi_pred_delta":6.0,"traffic_latest":50.0,"traffic_pred_delta":1.2,"ndvi_latest":0.274,"ndvi_trend_per_year":0.0052,"ndvi_pred_delta":0.0222,"plantable_space":0.54,"plantable_source":"proxy_1_minus_ndvi","n_sites":0,"species":[],"justification":"","soil":{"ph":7.3,"ph_class":"neutral","texture":"clay loam","texture_simple":"clay","moisture":null,"soc":109.5}}},{"type":"Feature","geometry":{"type":"Polygon","coordinates":[[[72.44008710077503,23.055508781122988],[72.44629008116391,23.04497050393391],[72.4601893187513,23.04429414746833],[72.46788975875366,23.05415567760595],[72.46168936272478,23.064696197787512],[72.44778594130297,23.0653729449558],[72.44008710077503,23.055508781122988]]]},"properties":{"zone":"8742ceb71ffffff","rank":111,"reasoned":false,"priority_score":0.3511,"aqi_latest":76.8,"aqi_pred_delta":6.0,"traffic_latest":50.0,"traffic_pred_delta":1.7,"ndvi_latest":0.342,"ndvi_trend_per_year":0.0003,"ndvi_pred_delta":0.003,"plantable_space":0.43,"plantable_source":"proxy_1_minus_ndvi","n_sites":0,"species":[],"justification":"","soil":{"ph":7.5,"ph_class":"neutral","texture":"clay loam","texture_simple":"clay","moisture":null,"soc":99.0}}},{"type":"Feature","geometry":{"type":"Polygon","coordinates":[[[72.45719194985783,23.003508468768313],[72.46338743520725,22.992977748222575],[72.47727569207227,22.992300567116654],[72.48497263956772,23.002153714371868],[72.47877973667961,23.012686675412947],[72.46488730280676,23.013364248820736],[72.45719194985783,23.003508468768313]]]},"properties":{"zone":"8742ceb50ffffff","rank":112,"reasoned":false,"priority_score":0.3507,"aqi_latest":76.8,"aqi_pred_delta":6.0,"traffic_latest":50.0,"traffic_pred_delta":1.7,"ndvi_latest":0.328,"ndvi_trend_per_year":0.0013,"ndvi_pred_delta":-0.0221,"plantable_space":0.45,"plantable_source":"proxy_1_minus_ndvi","n_sites":0,"species":[],"justification":"","soil":{"ph":7.3,"ph_class":"neutral","texture":"clay loam","texture_simple":"clay","moisture":null,"soc":98.5}}},{"type":"Feature","geometry":{"type":"Polygon","coordinates":[[[72.55601592638165,22.927097995635236],[72.56218871966679,22.916575725571857],[72.57605967208727,22.915890961205932],[72.58376199553378,22.92572806415117],[72.57759179086221,22.936252565913687],[72.56371667310715,22.93693773315222],[72.55601592638165,22.927097995635236]]]},"properties":{"zone":"8742cea09ffffff","rank":113,"reasoned":false,"priority_score":0.3476,"aqi_latest":74.7,"aqi_pred_delta":6.9,"traffic_latest":50.0,"traffic_pred_delta":1.8,"ndvi_latest":0.291,"ndvi_trend_per_year":0.0062,"ndvi_pred_delta":-0.0115,"plantable_space":0.51,"plantable_source":"proxy_1_minus_ndvi","n_sites":0,"species":[],"justification":"","soil":{"ph":7.4,"ph_class":"neutral","texture":"clay loam","texture_simple":"clay","moisture":null,"soc":102.0}}},{"type":"Feature","geometry":{"type":"Polygon","coordinates":[[[72.45419820090967,22.962747368863674],[72.46039041665975,22.95222318674453],[72.4742703269826,22.951546789363622],[72.48196219255541,22.96139418250287],[72.47577255578008,22.97192060429413],[72.461888473431,22.97259739339112],[72.45419820090967,22.962747368863674]]]},"properties":{"zone":"8742cea21ffffff","rank":114,"reasoned":false,"priority_score":0.3445,"aqi_latest":74.7,"aqi_pred_delta":4.5,"traffic_latest":50.0,"traffic_pred_delta":0.2,"ndvi_latest":0.308,"ndvi_trend_per_year":0.0004,"ndvi_pred_delta":-0.0158,"plantable_space":0.49,"plantable_source":"proxy_1_minus_ndvi","n_sites":0,"species":[],"justification":"","soil":{"ph":7.3,"ph_class":"neutral","texture":"clay loam","texture_simple":"clay","moisture":null,"soc":105.5}}},{"type":"Feature","geometry":{"type":"Polygon","coordinates":[[[72.49584365375917,22.96071579306055],[72.50202907816897,22.950190404488552],[72.51590791580234,22.94951041734701],[72.52360549884943,22.959355422534315],[72.51742265832728,22.969883047837676],[72.50353964984475,22.97056343134084],[72.49584365375917,22.96071579306055]]]},"properties":{"zone":"8742cea28ffffff","rank":115,"reasoned":false,"priority_score":0.3403,"aqi_latest":74.7,"aqi_pred_delta":0.8,"traffic_latest":50.0,"traffic_pred_delta":0.1,"ndvi_latest":0.378,"ndvi_trend_per_year":-0.0111,"ndvi_pred_delta":-0.1199,"plantable_space":0.37,"plantable_source":"proxy_1_minus_ndvi","n_sites":0,"species":[],"justification":"","soil":{"ph":7.3,"ph_class":"neutral","texture":"clay loam","texture_simple":"clay","moisture":null,"soc":104.5}}},{"type":"Feature","geometry":{"type":"Polygon","coordinates":[[[72.55754225748747,22.947463279234086],[72.56371667310715,22.93693773315222],[72.57759179086221,22.936252565913687],[72.5852966597904,22.94609254170269],[72.57912483453441,22.956620319891005],[72.56524554896227,22.957305890304358],[72.55754225748747,22.947463279234086]]]},"properties":{"zone":"8742cea72ffffff","rank":116,"reasoned":false,"priority_score":0.3291,"aqi_latest":74.7,"aqi_pred_delta":6.0,"traffic_latest":50.0,"traffic_pred_delta":1.2,"ndvi_latest":0.28,"ndvi_trend_per_year":0.0068,"ndvi_pred_delta":0.0583,"plantable_space":0.53,"plantable_source":"proxy_1_minus_ndvi","n_sites":0,"species":[],"justification":"","soil":{"ph":7.3,"ph_class":"neutral","texture":"clay loam","texture_simple":"clay","moisture":null,"soc":111.0}}},{"type":"Feature","geometry":{"type":"Polygon","coordinates":[[[72.48028469042364,23.033078926756957],[72.48647922762099,23.022542697689556],[72.5003732143476,23.021863124803208],[72.508076843008,23.03171938603101],[72.50188489335633,23.042257854734256],[72.48798672646947,23.042937822691975],[72.48028469042364,23.033078926756957]]]},"properties":{"zone":"8742ceb42ffffff","rank":117,"reasoned":false,"priority_score":0.3226,"aqi_latest":76.8,"aqi_pred_delta":6.0,"traffic_latest":50.0,"traffic_pred_delta":1.7,"ndvi_latest":0.365,"ndvi_trend_per_year":0.0008,"ndvi_pred_delta":-0.0968,"plantable_space":0.39,"plantable_source":"proxy_1_minus_ndvi","n_sites":0,"species":[],"justification":"","soil":{"ph":7.3,"ph_class":"neutral","texture":"clay loam","texture_simple":"clay","moisture":null,"soc":93.5}}},{"type":"Feature","geometry":{"type":"Polygon","coordinates":[[[72.61151746634378,23.108539067928877],[72.61769805278237,23.097986150821278],[72.63160546465244,23.09729412906794],[72.63933647558814,23.107154614277817],[72.63315849849745,23.117709763738322],[72.61924690009214,23.118402195758676],[72.61151746634378,23.108539067928877]]]},"properties":{"zone":"8742cc686ffffff","rank":118,"reasoned":false,"priority_score":0.3215,"aqi_latest":80.9,"aqi_pred_delta":1.8,"traffic_latest":50.0,"traffic_pred_delta":0.6,"ndvi_latest":0.372,"ndvi_trend_per_year":-0.0075,"ndvi_pred_delta":-0.1293,"plantable_space":0.38,"plantable_source":"proxy_1_minus_ndvi","n_sites":0,"species":[],"justification":"","soil":{"ph":7.45,"ph_class":"neutral","texture":"clay loam","texture_simple":"clay","moisture":null,"soc":107.0}}},{"type":"Feature","geometry":{"type":"Polygon","coordinates":[[[72.51439408741197,22.929143936273196],[72.5205736737948,22.918622858212725],[72.53444571890878,22.917941674253743],[72.54214234314477,22.927781170238237],[72.53596534048286,22.938304482943185],[72.52208912884008,22.938986065138163],[72.51439408741197,22.929143936273196]]]},"properties":{"zone":"8742cea0cffffff","rank":119,"reasoned":false,"priority_score":0.3169,"aqi_latest":74.7,"aqi_pred_delta":4.4,"traffic_latest":50.0,"traffic_pred_delta":1.7,"ndvi_latest":0.367,"ndvi_trend_per_year":-0.0019,"ndvi_pred_delta":-0.0477,"plantable_space":0.39,"plantable_source":"proxy_1_minus_ndvi","n_sites":0,"species":[],"justification":"","soil":{"ph":7.5,"ph_class":"neutral","texture":"clay loam","texture_simple":"clay","moisture":null,"soc":109.0}}},{"type":"Feature","geometry":{"type":"Polygon","coordinates":[[[72.49433562296124,22.940345643237734],[72.50051941814179,22.929823527349612],[72.51439408741197,22.929143936273196],[72.52208912884008,22.938986065138163],[72.51590791580234,22.94951041734701],[72.50202907816897,22.950190404488552],[72.49433562296124,22.940345643237734]]]},"properties":{"zone":"8742cea2affffff","rank":120,"reasoned":false,"priority_score":0.3156,"aqi_latest":74.7,"aqi_pred_delta":5.1,"traffic_latest":50.0,"traffic_pred_delta":0.1,"ndvi_latest":0.316,"ndvi_trend_per_year":0.0034,"ndvi_pred_delta":0.0105,"plantable_space":0.47,"plantable_source":"proxy_1_minus_ndvi","n_sites":0,"species":[],"justification":"","soil":{"ph":7.2,"ph_class":"neutral","texture":"clay loam","texture_simple":"clay","moisture":null,"soc":137.0}}},{"type":"Feature","geometry":{"type":"Polygon","coordinates":[[[72.6176703181785,22.91382951016165],[72.62383210397415,22.903307106439275],[72.63769930933404,22.902617179289905],[72.64540889015602,22.91244924631574],[72.63924969941789,22.922973877106728],[72.62537833177824,22.923664213925655],[72.6176703181785,22.91382951016165]]]},"properties":{"zone":"8742cea53ffffff","rank":121,"reasoned":false,"priority_score":0.3084,"aqi_latest":78.3,"aqi_pred_delta":6.4,"traffic_latest":50.0,"traffic_pred_delta":0.2,"ndvi_latest":0.309,"ndvi_trend_per_year":0.0069,"ndvi_pred_delta":0.0364,"plantable_space":0.49,"plantable_source":"proxy_1_minus_ndvi","n_sites":0,"species":[],"justification":"","soil":{"ph":7.4,"ph_class":"neutral","texture":"clay loam","texture_simple":"clay","moisture":null,"soc":99.5}}},{"type":"Feature","geometry":{"type":"Polygon","coordinates":[[[72.57605967208727,22.915890961205932],[72.58222825699754,22.905369736918605],[72.596096576196,22.904683385434506],[72.60380047295413,22.91451785332067],[72.59763447822483,22.925041307628995],[72.58376199553378,22.92572806415117],[72.57605967208727,22.915890961205932]]]},"properties":{"zone":"8742cea56ffffff","rank":122,"reasoned":false,"priority_score":0.2834,"aqi_latest":74.7,"aqi_pred_delta":5.9,"traffic_latest":50.0,"traffic_pred_delta":1.6,"ndvi_latest":0.279,"ndvi_trend_per_year":0.0156,"ndvi_pred_delta":-0.0015,"plantable_space":0.54,"plantable_source":"proxy_1_minus_ndvi","n_sites":0,"species":[],"justification":"","soil":{"ph":7.4,"ph_class":"neutral","texture":"clay loam","texture_simple":"clay","moisture":null,"soc":109.0}}},{"type":"Feature","geometry":{"type":"Polygon","coordinates":[[[72.53444571890878,22.917941674253743],[72.540621097489,22.907421637158162],[72.55449051603335,22.906738862959642],[72.56218871966679,22.916575725571857],[72.55601592638165,22.927097995635236],[72.54214234314477,22.927781170238237],[72.53444571890878,22.917941674253743]]]},"properties":{"zone":"8742cea08ffffff","rank":123,"reasoned":false,"priority_score":0.2827,"aqi_latest":74.7,"aqi_pred_delta":6.2,"traffic_latest":50.0,"traffic_pred_delta":1.6,"ndvi_latest":0.288,"ndvi_trend_per_year":0.0113,"ndvi_pred_delta":0.0114,"plantable_space":0.52,"plantable_source":"proxy_1_minus_ndvi","n_sites":0,"species":[],"justification":"","soil":{"ph":7.4,"ph_class":"neutral","texture":"clay loam","texture_simple":"clay","moisture":null,"soc":137.0}}},{"type":"Feature","geometry":{"type":"Polygon","coordinates":[[[72.45270268187151,22.942376042009595],[72.45889326407617,22.93185513069312],[72.47276900486025,22.931179124735664],[72.48045833195319,22.94102363878823],[72.4742703269826,22.951546789363622],[72.46039041665975,22.95222318674453],[72.45270268187151,22.942376042009595]]]},"properties":{"zone":"8742cea23ffffff","rank":124,"reasoned":false,"priority_score":0.2816,"aqi_latest":74.7,"aqi_pred_delta":6.2,"traffic_latest":50.0,"traffic_pred_delta":1.6,"ndvi_latest":0.289,"ndvi_trend_per_year":0.0151,"ndvi_pred_delta":0.0689,"plantable_space":0.52,"plantable_source":"proxy_1_minus_ndvi","n_sites":0,"species":[],"justification":"","soil":{"ph":7.4,"ph_class":"neutral","texture":"clay loam","texture_simple":"clay","moisture":null,"soc":108.5}}},{"type":"Feature","geometry":{"type":"Polygon","coordinates":[[[72.46168936272478,23.064696197787512],[72.46788975875366,23.05415567760595],[72.48179055412683,23.053477318714922],[72.48949513693725,23.063339086941387],[72.48329732861261,23.073881848845257],[72.46939234874256,23.074560600917934],[72.46168936272478,23.064696197787512]]]},"properties":{"zone":"8742ceb44ffffff","rank":125,"reasoned":false,"priority_score":0.2732,"aqi_latest":76.8,"aqi_pred_delta":0.5,"traffic_latest":50.0,"traffic_pred_delta":0.8,"ndvi_latest":0.327,"ndvi_trend_per_year":-0.0033,"ndvi_pred_delta":0.0002,"plantable_space":0.46,"plantable_source":"proxy_1_minus_ndvi","n_sites":0,"species":[],"justification":"","soil":{"ph":7.5,"ph_class":"neutral","texture":"clay loam","texture_simple":"clay","moisture":null,"soc":102.5}}},{"type":"Feature","geometry":{"type":"Polygon","coordinates":[[[72.49282850215772,22.91998164447853],[72.4990106689403,22.909462802327106],[72.512881172331,22.908783607019437],[72.5205736737948,22.918622858212725],[72.51439408741197,22.929143936273196],[72.50051941814179,22.929823527349612],[72.49282850215772,22.91998164447853]]]},"properties":{"zone":"8742cea01ffffff","rank":126,"reasoned":false,"priority_score":0.2666,"aqi_latest":74.7,"aqi_pred_delta":4.4,"traffic_latest":50.0,"traffic_pred_delta":1.7,"ndvi_latest":0.365,"ndvi_trend_per_year":0.0022,"ndvi_pred_delta":-0.0129,"plantable_space":0.39,"plantable_source":"proxy_1_minus_ndvi","n_sites":0,"species":[],"justification":"","soil":{"ph":7.3,"ph_class":"neutral","texture":"clay loam","texture_simple":"clay","moisture":null,"soc":138.0}}},{"type":"Feature","geometry":{"type":"Polygon","coordinates":[[[72.46469217382845,23.10551870813813],[72.47089584783775,23.09497166024649],[72.48480501470549,23.094292514698633],[72.49251469603196,23.1041600233913],[72.48631361323088,23.114709313817947],[72.47240025686247,23.11538885313468],[72.46469217382845,23.10551870813813]]]},"properties":{"zone":"8742ceb61ffffff","rank":127,"reasoned":false,"priority_score":0.2402,"aqi_latest":76.8,"aqi_pred_delta":6.0,"traffic_latest":50.0,"traffic_pred_delta":1.7,"ndvi_latest":0.329,"ndvi_trend_per_year":0.0102,"ndvi_pred_delta":0.0605,"plantable_space":0.45,"plantable_source":"proxy_1_minus_ndvi","n_sites":0,"species":[],"justification":"","soil":{"ph":7.35,"ph_class":"neutral","texture":"clay loam","texture_simple":"clay","moisture":null,"soc":95.0}}},{"type":"Feature","geometry":{"type":"Polygon","coordinates":[[[72.53596534048286,22.938304482943185],[72.54214234314477,22.927781170238237],[72.55601592638165,22.927097995635236],[72.56371667310715,22.93693773315222],[72.55754225748747,22.947463279234086],[72.54366450707592,22.94814685454178],[72.53596534048286,22.938304482943185]]]},"properties":{"zone":"8742cea0dffffff","rank":128,"reasoned":false,"priority_score":0.235,"aqi_latest":74.7,"aqi_pred_delta":4.4,"traffic_latest":50.0,"traffic_pred_delta":1.7,"ndvi_latest":0.36,"ndvi_trend_per_year":0.0051,"ndvi_pred_delta":-0.0498,"plantable_space":0.4,"plantable_source":"proxy_1_minus_ndvi","n_sites":0,"species":[],"justification":"","soil":{"ph":7.4,"ph_class":"neutral","texture":"clay loam","texture_simple":"clay","moisture":null,"soc":112.5}}},{"type":"Feature","geometry":{"type":"Polygon","coordinates":[[[72.512881172331,22.908783607019437],[72.51905913288786,22.898265804157415],[72.53292701395492,22.897585018136212],[72.540621097489,22.907421637158162],[72.53444571890878,22.917941674253743],[72.5205736737948,22.918622858212725],[72.512881172331,22.908783607019437]]]},"properties":{"zone":"8742cea0effffff","rank":129,"reasoned":false,"priority_score":0.2139,"aqi_latest":74.7,"aqi_pred_delta":0.8,"traffic_latest":50.0,"traffic_pred_delta":0.1,"ndvi_latest":0.386,"ndvi_trend_per_year":-0.0011,"ndvi_pred_delta":-0.0708,"plantable_space":0.36,"plantable_source":"proxy_1_minus_ndvi","n_sites":0,"species":[],"justification":"","soil":{"ph":7.4,"ph_class":"neutral","texture":"clay loam","texture_simple":"clay","moisture":null,"soc":102.5}}},{"type":"Feature","geometry":{"type":"Polygon","coordinates":[[[72.596096576196,22.904683385434506],[72.60226095373605,22.89416321005461],[72.61612663731172,22.893475274096737],[72.62383210397415,22.903307106439275],[72.6176703181785,22.91382951016165],[72.60380047295413,22.91451785332067],[72.596096576196,22.904683385434506]]]},"properties":{"zone":"8742cea52ffffff","rank":130,"reasoned":false,"priority_score":0.2098,"aqi_latest":78.3,"aqi_pred_delta":4.3,"traffic_latest":50.0,"traffic_pred_delta":1.3,"ndvi_latest":0.315,"ndvi_trend_per_year":0.0148,"ndvi_pred_delta":-0.009,"plantable_space":0.48,"plantable_source":"proxy_1_minus_ndvi","n_sites":0,"species":[],"justification":"","soil":{"ph":7.4,"ph_class":"neutral","texture":"clay loam","texture_simple":"clay","moisture":null,"soc":105.5}}},{"type":"Feature","geometry":{"type":"Polygon","coordinates":[[[72.59763447822483,22.925041307628995],[72.60380047295413,22.91451785332067],[72.6176703181785,22.91382951016165],[72.62537833177824,22.923664213925655],[72.6192149305458,22.934189896982215],[72.60534092119399,22.934878647648304],[72.59763447822483,22.925041307628995]]]},"properties":{"zone":"8742cea50ffffff","rank":131,"reasoned":false,"priority_score":0.2057,"aqi_latest":78.3,"aqi_pred_delta":4.3,"traffic_latest":50.0,"traffic_pred_delta":1.3,"ndvi_latest":0.319,"ndvi_trend_per_year":0.0104,"ndvi_pred_delta":-0.0193,"plantable_space":0.47,"plantable_source":"proxy_1_minus_ndvi","n_sites":0,"species":[],"justification":"","soil":{"ph":7.4,"ph_class":"neutral","texture":"clay loam","texture_simple":"clay","moisture":null,"soc":98.0}}},{"type":"Feature","geometry":{"type":"Polygon","coordinates":[[[72.55449051603335,22.906738862959642],[72.56066168780883,22.89621986996311],[72.57452847737503,22.89553550816772],[72.58222825699754,22.905369736918605],[72.57605967208727,22.915890961205932],[72.56218871966679,22.916575725571857],[72.55449051603335,22.906738862959642]]]},"properties":{"zone":"8742cea0bffffff","rank":132,"reasoned":false,"priority_score":0.201,"aqi_latest":74.7,"aqi_pred_delta":4.1,"traffic_latest":50.0,"traffic_pred_delta":1.2,"ndvi_latest":0.318,"ndvi_trend_per_year":0.012,"ndvi_pred_delta":-0.0279,"plantable_space":0.47,"plantable_source":"proxy_1_minus_ndvi","n_sites":0,"species":[],"justification":"","soil":{"ph":7.4,"ph_class":"neutral","texture":"clay loam","texture_simple":"clay","moisture":null,"soc":101.0}}},{"type":"Feature","geometry":{"type":"Polygon","coordinates":[[[72.4676986212901,23.14636574837941],[72.47390557664092,23.135812177117728],[72.48782312501523,23.135132243738294],[72.49553791151764,23.145005487381784],[72.48933355088599,23.15556130198697],[72.47541180799831,23.156241629723112],[72.4676986212901,23.14636574837941]]]},"properties":{"zone":"8742cc790ffffff","rank":133,"reasoned":false,"priority_score":null,"aqi_latest":76.8,"aqi_pred_delta":-1.0,"traffic_latest":50.0,"traffic_pred_delta":0.2,"ndvi_latest":null,"ndvi_trend_per_year":null,"ndvi_pred_delta":null,"plantable_space":null,"plantable_source":null,"n_sites":0,"species":[],"justification":"","soil":{"ph":7.4,"ph_class":"neutral","texture":"clay loam","texture_simple":"clay","moisture":null,"soc":113.0}}},{"type":"Feature","geometry":{"type":"Polygon","coordinates":[[[72.46619494260285,23.12593916325575],[72.47240025686247,23.11538885313468],[72.48631361323088,23.114709313817947],[72.49402584631203,23.12457969067743],[72.48782312501523,23.135132243738294],[72.47390557664092,23.135812177117728],[72.46619494260285,23.12593916325575]]]},"properties":{"zone":"8742cc792ffffff","rank":134,"reasoned":false,"priority_score":null,"aqi_latest":76.8,"aqi_pred_delta":-1.0,"traffic_latest":50.0,"traffic_pred_delta":0.2,"ndvi_latest":null,"ndvi_trend_per_year":null,"ndvi_pred_delta":null,"plantable_space":null,"plantable_source":null,"n_sites":0,"species":[],"justification":"","soil":{"ph":7.3,"ph_class":"neutral","texture":"clay loam","texture_simple":"clay","moisture":null,"soc":105.0}}},{"type":"Feature","geometry":{"type":"Polygon","coordinates":[[[72.44606940795214,23.137168410922705],[72.45227895466611,23.126617084281953],[72.46619494260285,23.12593916325575],[72.47390557664092,23.135812177117728],[72.4676986212901,23.14636574837941],[72.45377843950378,23.147044061275373],[72.44606940795214,23.137168410922705]]]},"properties":{"zone":"8742cc796ffffff","rank":135,"reasoned":false,"priority_score":null,"aqi_latest":76.8,"aqi_pred_delta":-1.0,"traffic_latest":50.0,"traffic_pred_delta":0.2,"ndvi_latest":null,"ndvi_trend_per_year":null,"ndvi_pred_delta":null,"plantable_space":null,"plantable_source":null,"n_sites":0,"species":[],"justification":"","soil":{"ph":7.4,"ph_class":"neutral","texture":"clay loam","texture_simple":"clay","moisture":null,"soc":94.5}}},{"type":"Feature","geometry":{"type":"Polygon","coordinates":[[[72.68555583173077,22.98199896696723],[72.69171304355164,22.9714633258419],[72.70559312336258,22.9707665787485],[72.71332015944249,22.98060505519413],[72.70716555614916,22.991142920344846],[72.69328130722407,22.991840085149384],[72.68555583173077,22.98199896696723]]]},"properties":{"zone":"8742cea48ffffff","rank":136,"reasoned":false,"priority_score":null,"aqi_latest":78.3,"aqi_pred_delta":-0.7,"traffic_latest":50.0,"traffic_pred_delta":0.2,"ndvi_latest":null,"ndvi_trend_per_year":null,"ndvi_pred_delta":null,"plantable_space":null,"plantable_source":null,"n_sites":0,"species":[],"justification":"","soil":{"ph":7.4,"ph_class":"neutral","texture":"clay loam","texture_simple":"clay","moisture":null,"soc":108.5}}},{"type":"Feature","geometry":{"type":"Polygon","coordinates":[[[72.68399012547968,22.961625070149967],[72.69014572632489,22.95109270851442],[72.70402163950381,22.95039637881813],[72.71174611744613,22.960231993485007],[72.70559312336258,22.9707665787485],[72.69171304355164,22.9714633258419],[72.68399012547968,22.961625070149967]]]},"properties":{"zone":"8742cea4affffff","rank":137,"reasoned":false,"priority_score":null,"aqi_latest":78.3,"aqi_pred_delta":-0.7,"traffic_latest":50.0,"traffic_pred_delta":0.2,"ndvi_latest":null,"ndvi_trend_per_year":null,"ndvi_pred_delta":null,"plantable_space":null,"plantable_source":null,"n_sites":0,"species":[],"justification":"","soil":{"ph":7.4,"ph_class":"neutral","texture":"clay loam","texture_simple":"clay","moisture":null,"soc":97.0}}},{"type":"Feature","geometry":{"type":"Polygon","coordinates":[[[72.66083471600102,22.93211648102682],[72.66699130836841,22.921589624444024],[72.68086154645813,22.92089570896579],[72.68857935468962,22.930728235583686],[72.68242536400632,22.94125731667857],[72.66855096238511,22.941951646767375],[72.66083471600102,22.93211648102682]]]},"properties":{"zone":"8742cea58ffffff","rank":138,"reasoned":false,"priority_score":null,"aqi_latest":78.3,"aqi_pred_delta":-0.7,"traffic_latest":50.0,"traffic_pred_delta":0.2,"ndvi_latest":null,"ndvi_trend_per_year":null,"ndvi_pred_delta":null,"plantable_space":null,"plantable_source":null,"n_sites":0,"species":[],"justification":"","soil":{"ph":7.4,"ph_class":"neutral","texture":"clay loam","texture_simple":"clay","moisture":null,"soc":106.5}}},{"type":"Feature","geometry":{"type":"Polygon","coordinates":[[[72.68242536400632,22.94125731667857],[72.68857935468962,22.930728235583686],[72.70245110371644,22.930032322970593],[72.71017302518956,22.939865074493813],[72.70402163950381,22.95039637881813],[72.69014572632489,22.95109270851442],[72.68242536400632,22.94125731667857]]]},"properties":{"zone":"8742cea59ffffff","rank":139,"reasoned":false,"priority_score":null,"aqi_latest":78.3,"aqi_pred_delta":-0.7,"traffic_latest":50.0,"traffic_pred_delta":0.2,"ndvi_latest":null,"ndvi_trend_per_year":null,"ndvi_pred_delta":null,"plantable_space":null,"plantable_source":null,"n_sites":0,"species":[],"justification":"","soil":{"ph":7.4,"ph_class":"neutral","texture":"clay loam","texture_simple":"clay","moisture":null,"soc":115.0}}},{"type":"Feature","geometry":{"type":"Polygon","coordinates":[[[72.65927761368869,22.91175732599249],[72.6654325949479,22.901233750596045],[72.67929867198363,22.900540249416654],[72.68701392779273,22.91036990945866],[72.68086154645813,22.92089570896579],[72.66699130836841,22.921589624444024],[72.65927761368869,22.91175732599249]]]},"properties":{"zone":"8742cea5affffff","rank":140,"reasoned":false,"priority_score":null,"aqi_latest":78.3,"aqi_pred_delta":-0.7,"traffic_latest":50.0,"traffic_pred_delta":0.2,"ndvi_latest":null,"ndvi_trend_per_year":null,"ndvi_pred_delta":null,"plantable_space":null,"plantable_source":null,"n_sites":0,"species":[],"justification":"","soil":{"ph":7.4,"ph_class":"neutral","texture":"clay loam","texture_simple":"clay","moisture":null,"soc":91.5}}},{"type":"Feature","geometry":{"type":"Polygon","coordinates":[[[72.68086154645813,22.92089570896579],[72.68701392779273,22.91036990945866],[72.70088151514517,22.90967441361503],[72.70860088181583,22.91950430063362],[72.70245110371644,22.930032322970593],[72.68857935468962,22.930728235583686],[72.68086154645813,22.92089570896579]]]},"properties":{"zone":"8742cea5bffffff","rank":141,"reasoned":false,"priority_score":null,"aqi_latest":78.3,"aqi_pred_delta":0.4,"traffic_latest":50.0,"traffic_pred_delta":0.1,"ndvi_latest":null,"ndvi_trend_per_year":null,"ndvi_pred_delta":null,"plantable_space":null,"plantable_source":null,"n_sites":0,"species":[],"justification":"","soil":{"ph":7.4,"ph_class":"neutral","texture":"clay loam","texture_simple":"clay","moisture":null,"soc":92.0}}},{"type":"Feature","geometry":{"type":"Polygon","coordinates":[[[72.66239275809461,22.9524817834905],[72.66855096238511,22.941951646767375],[72.68242536400632,22.94125731667857],[72.69014572632489,22.95109270851442],[72.68399012547968,22.961625070149967],[72.67011155784735,22.962319815161248],[72.66239275809461,22.9524817834905]]]},"properties":{"zone":"8742cea5dffffff","rank":142,"reasoned":false,"priority_score":null,"aqi_latest":78.3,"aqi_pred_delta":-0.7,"traffic_latest":50.0,"traffic_pred_delta":0.2,"ndvi_latest":null,"ndvi_trend_per_year":null,"ndvi_pred_delta":null,"plantable_space":null,"plantable_source":null,"n_sites":0,"species":[],"justification":"","soil":{"ph":7.3,"ph_class":"neutral","texture":"clay loam","texture_simple":"clay","moisture":null,"soc":100.0}}},{"type":"Feature","geometry":{"type":"Polygon","coordinates":[[[72.63769930933404,22.902617179289905],[72.64385688720745,22.89209582928206],[72.65772145030992,22.891404320788418],[72.6654325949479,22.901233750596045],[72.65927761368869,22.91175732599249],[72.64540889015602,22.91244924631574],[72.63769930933404,22.902617179289905]]]},"properties":{"zone":"8742ceaedffffff","rank":143,"reasoned":false,"priority_score":null,"aqi_latest":78.3,"aqi_pred_delta":-0.7,"traffic_latest":50.0,"traffic_pred_delta":0.2,"ndvi_latest":null,"ndvi_trend_per_year":null,"ndvi_pred_delta":null,"plantable_space":null,"plantable_source":null,"n_sites":0,"species":[],"justification":"","soil":{"ph":7.3,"ph_class":"neutral","texture":"clay loam","texture_simple":"clay","moisture":null,"soc":108.5}}},{"type":"Feature","geometry":{"type":"Polygon","coordinates":[[[72.44307644451918,23.09632632774045],[72.44928270638657,23.085781523657637],[72.46319031414332,23.08510438549512],[72.47089584783775,23.09497166024649],[72.46469217382845,23.10551870813813],[72.45078037723417,23.10619623758658],[72.44307644451918,23.09632632774045]]]},"properties":{"zone":"8742ceb60ffffff","rank":144,"reasoned":false,"priority_score":null,"aqi_latest":76.8,"aqi_pred_delta":-1.0,"traffic_latest":50.0,"traffic_pred_delta":0.2,"ndvi_latest":null,"ndvi_trend_per_year":null,"ndvi_pred_delta":null,"plantable_space":null,"plantable_source":null,"n_sites":0,"species":[],"justification":"","soil":{"ph":7.4,"ph_class":"neutral","texture":"clay loam","texture_simple":"clay","moisture":null,"soc":91.0}}},{"type":"Feature","geometry":{"type":"Polygon","coordinates":[[[72.44158132059552,23.075914486131815],[72.44778594130297,23.0653729449558],[72.46168936272478,23.064696197787512],[72.46939234874256,23.074560600917934],[72.46319031414332,23.08510438549512],[72.44928270638657,23.085781523657637],[72.44158132059552,23.075914486131815]]]},"properties":{"zone":"8742ceb62ffffff","rank":145,"reasoned":false,"priority_score":null,"aqi_latest":76.8,"aqi_pred_delta":-1.0,"traffic_latest":50.0,"traffic_pred_delta":0.2,"ndvi_latest":null,"ndvi_trend_per_year":null,"ndvi_pred_delta":null,"plantable_space":null,"plantable_source":null,"n_sites":0,"species":[],"justification":"","soil":{"ph":7.4,"ph_class":"neutral","texture":"clay loam","texture_simple":"clay","moisture":null,"soc":99.5}}},{"type":"Feature","geometry":{"type":"Polygon","coordinates":[[[72.4445724733648,23.116744303492233],[72.45078037723417,23.10619623758658],[72.46469217382845,23.10551870813813],[72.47240025686247,23.11538885313468],[72.46619494260285,23.12593916325575],[72.45227895466611,23.126617084281953],[72.4445724733648,23.116744303492233]]]},"properties":{"zone":"8742ceb65ffffff","rank":146,"reasoned":false,"priority_score":null,"aqi_latest":76.8,"aqi_pred_delta":-1.0,"traffic_latest":50.0,"traffic_pred_delta":0.2,"ndvi_latest":null,"ndvi_trend_per_year":null,"ndvi_pred_delta":null,"plantable_space":null,"plantable_source":null,"n_sites":0,"species":[],"justification":"","soil":{"ph":7.4,"ph_class":"neutral","texture":"clay loam","texture_simple":"clay","moisture":null,"soc":97.0}}}]}